date,season,home,neutral,playoff,team1,team2,result_team1,result_team2,sets_team1,sets_team2,points_team1,points_team2,elo_start_team1,elo_start_team2,elo_adjusted_team1,elo_adjusted_team2,probability_team1,probability_team2,elo_end_team1,elo_end_team2
1/13/2021,2021,Quincy,0,0,Indiana Tech,Quincy,0,1,0,3,58,75,1373,1500,1372,1570,0.2423608251377483,0.7576391748622517,1371.183340196694,1505.816659803306
1/14/2021,2021,Greenville,0,0,Tusculum,Greenville,0,1,1,3,80,99,1500,1500,1500,1570,0.40060320329074317,0.5993967967092568,1493.0521897876888,1510.9478102123112
1/15/2021,2021,Queens,0,0,SFU,Queens,0,1,2,3,92,106,1500,1500,1499,1570,0.399221754109989,0.6007782458900109,1491.7520112346936,1512.2479887653064
1/15/2021,2021,Queens,1,0,SFU,Limestone,0,1,1,3,88,98,1491.7520112346936,1500,1490.7520112346936,1500,0.48669421660900614,0.513305783390994,1482.738016702744,1513.0139945319495
1/16/2021,2021,Queens,0,0,SFU,Queens,1,0,3,1,97,83,1482.738016702744,1512.2479887653064,1481.738016702744,1582.2479887653064,0.3592589617529319,0.6407410382470682,1500.7824682873404,1498.20353718071
1/16/2021,2021,LMU,0,0,Lees,LMU,0,1,0,3,46,75,1500,1500,1500,1570,0.40060320329074317,0.5993967967092568,1494.385523121022,1509.614476878978
1/16/2021,2021,Campbellsville,0,0,Tusculum,Campbellsville,0,1,0,3,60,77,1493.0521897876888,1373,1493.0521897876888,1443,0.5715366886884156,0.42846331131158444,1483.335309259167,1386.7168805285219
1/19/2021,2021,Alderson,0,0,Mount Union,Alderson,1,0,3,0,75,51,1419,1500,1419,1570,0.29541540733727906,0.704584592662721,1439.9100302239053,1483.0899697760947
1/20/2021,2021,Lewis,0,0,Campbellsville,Lewis,0,1,1,3,73,105,1373,1500,1372,1570,0.2423608251377483,0.7576391748622517,1369.8500068633607,1507.1499931366393
1/21/2021,2021,Quincy,0,0,Georgetown,Quincy,0,1,0,3,45,75,1373,1505.816659803306,1372,1575.816659803306,0.2362656870441249,0.7637343129558751,1371.329623510941,1511.487036292365
1/21/2021,2021,Lourdes,0,0,Queens,Lourdes,0,1,2,3,105,97,1498.20353718071,1373,1497.20353718071,1443,0.5773784000815665,0.4226215999184335,1485.6797889120858,1389.5237482686243
1/22/2021,2021,GMU,0,0,Ball,GMU,0,1,2,3,111,117,1500,1500,1499,1570,0.399221754109989,0.6007782458900109,1491.7520112346936,1512.2479887653064
1/22/2021,2021,Ohio,0,0,Penn,Ohio,1,0,3,0,75,65,1500,1500,1499,1570,0.399221754109989,0.6007782458900109,1518.4186779013603,1485.5813220986397
1/22/2021,2021,SFU,0,0,King,SFU,1,0,3,1,99,92,1500,1500.7824682873404,1499,1570.7824682873404,0.3981419300228882,0.6018580699771118,1517.1112603461174,1487.671207941223
1/22/2021,2021,Lewis,0,0,Queens,Lewis,0,1,0,3,56,75,1485.6797889120858,1507.1499931366393,1483.6797889120858,1577.1499931366393,0.36863951532132827,0.6313604846786718,1480.8324405443739,1515.9973415043512
1/22/2021,2021,Lindenwood,0,0,Georgetown,Lindenwood,0,1,2,3,88,110,1373,1500,1372,1570,0.2423608251377483,0.7576391748622517,1368.5166735300272,1508.4833264699728
1/22/2021,2021,Loyola,0,0,LMU,Loyola,0,1,1,3,87,98,1509.614476878978,1500,1508.614476878978,1570,0.41256702519860455,0.5874329748013954,1502.379534940878,1511.2349419380998
1/22/2021,2021,Carolina,1,0,Erskine,Maranatha,1,0,3,0,75,50,1500,1419,1500,1417,0.6172250309049463,0.38277496909505365,1513.1865992582814,1409.8134007417186
1/23/2021,2021,GMU,0,0,Ball,GMU,1,0,3,1,98,93,1491.7520112346936,1512.2479887653064,1490.7520112346936,1582.2479887653064,0.37128847984624214,0.6287115201537578,1509.5077543850505,1498.4922456149495
1/23/2021,2021,Ohio,0,0,Penn,Ohio,0,1,0,3,62,75,1518.4186779013603,1485.5813220986397,1517.4186779013603,1555.5813220986397,0.44529935176211893,0.554700648237881,1511.7314934590695,1496.2685065409305
1/23/2021,2021,SFU,0,0,King,SFU,1,0,3,2,111,108,1517.1112603461174,1487.671207941223,1516.1112603461174,1557.671207941223,0.44047407084196233,0.5595259291580377,1531.8732159792437,1476.9092523080967
1/23/2021,2021,Lewis,0,0,LMU,Lewis,0,1,0,3,65,75,1502.379534940878,1515.9973415043512,1501.379534940878,1585.9973415043512,0.38057714791015357,0.6194228520898464,1497.2456833910344,1525.131193054195
1/23/2021,2021,Loyola,0,0,Queens,Loyola,0,1,0,3,56,75,1480.8324405443739,1511.2349419380998,1478.8324405443739,1581.2349419380998,0.35675505127569396,0.643244948724306,1476.2703193137572,1519.7970631687165
1/23/2021,2021,Quincy,0,0,Culver,Quincy,0,1,0,3,58,80,1373,1511.487036292365,1373,1581.487036292365,0.23144891502976409,0.7685510849702359,1371.4452260392857,1517.0418102530793
1/23/2021,2021,Belmont,0,0,Limestone,Belmont,0,1,1,3,86,92,1513.0139945319495,1500,1513.0139945319495,1570,0.41871812902050815,0.5812818709794918,1505.6314261021241,1511.3825684298254
1/23/2021,2021,Carolina,1,0,Erskine,OUAZ,0,1,2,3,113,108,1513.1865992582814,1373,1513.1865992582814,1366,0.6999950256989409,0.3000049743010591,1497.72005197484,1392.4665472834413
1/23/2021,2021,Carolina,1,0,Erskine,Lancaster,1,0,3,0,75,51,1497.72005197484,1419,1497.72005197484,1418,0.6127545001736087,0.3872454998263913,1511.0139439706734,1409.7061080041667
1/23/2021,2021,St Andrews,0,0,Alderson,St Andrews,1,0,3,1,98,87,1483.0899697760947,1373,1482.0899697760947,1443,0.5560188164891157,0.4439811835108844,1496.4121848470227,1363.677784929072
1/24/2021,2021,McKendree,0,0,LMU,McKendree,0,1,0,3,56,75,1497.2456833910344,1500,1496.2456833910344,1570,0.3954251484752452,0.6045748515247549,1491.7554798276285,1509.4902035634059
1/24/2021,2021,Quincy,0,0,Augustana,Quincy,0,1,0,3,48,75,1419,1517.0418102530793,1419,1587.0418102530793,0.27541372438562783,0.7245862756143722,1416.390070614745,1523.6517396383344
1/24/2021,2021,Quincy,0,0,Augustana,Quincy,0,1,1,3,81,98,1419,1523.6517396383344,1419,1593.6517396383344,0.26788570429921865,0.7321142957007813,1415.2374097634854,1531.414329874849
1/25/2021,2021,Pepperdine,0,0,Concordia,Pepperdine,0,1,2,3,92,106,1500,1500,1500,1570,0.40060320329074317,0.5993967967092568,1491.7188564543553,1512.2811435456447
1/27/2021,2021,Concordia,0,0,Pepperdine,Concordia,1,0,3,0,75,62,1512.2811435456447,1491.7188564543553,1512.2811435456447,1561.7188564543553,0.429329731279876,0.5706702687201239,1529.9772299949277,1478.0227700050723
1/27/2021,2021,Reinhardt,0,0,Erskine,Reinhardt,1,0,3,2,117,122,1511.0139439706734,1373,1511.0139439706734,1443,0.5966484906651653,0.4033515093348347,1522.0277135280426,1365.9862304426308
1/28/2021,2021,Ball,0,0,LMU,Ball,0,1,0,3,49,75,1491.7554798276285,1509.5077543850505,1490.7554798276285,1579.5077543850505,0.3749827648895848,0.6250172351104152,1486.7558934702786,1518.5073407424004
1/28/2021,2021,Queens,0,0,Belmont,Queens,1,0,3,2,109,114,1511.3825684298254,1476.2703193137572,1511.3825684298254,1546.2703193137572,0.4499605630897287,0.5500394369102714,1525.9168482490052,1465.7360394945774
1/28/2021,2021,Alderson,0,0,Geneva,Alderson,1,0,3,1,100,83,1419,1496.4121848470227,1419,1566.4121848470227,0.29973234180333075,0.7002676581966693,1438.4730904633868,1480.9390943836358
1/29/2021,2021,UCLA,0,0,GCU,UCLA,0,1,0,3,64,75,1500,1500,1499,1570,0.399221754109989,0.6007782458900109,1494.4186779013603,1509.5813220986397
1/29/2021,2021,SFU,1,0,Loyola,NJIT,1,0,3,0,75,64,1519.7970631687165,1500,1518.7970631687165,1500,0.5270247858367345,0.4729752141632655,1535.1484683086348,1488.6485948600816
1/29/2021,2021,Ball,0,0,LMU,Ball,0,1,1,3,87,102,1486.7558934702786,1518.5073407424004,1485.7558934702786,1588.5073407424004,0.35629422716254977,0.6437057728374502,1480.8714986850441,1528.3917355276349
1/29/2021,2021,GMU,0,0,SVU,GMU,0,1,0,3,64,80,1419,1498.4922456149495,1419,1568.4922456149495,0.2972251702933998,0.7027748297066002,1415.8665959129585,1505.625649701991
1/29/2021,2021,Penn,0,0,Ohio,Penn,0,1,0,3,54,75,1496.2685065409305,1511.7314934590695,1495.2685065409305,1581.7314934590695,0.37807640048918917,0.6219235995108109,1491.19467292919,1520.80532707081
1/29/2021,2021,SFU,0,0,Lewis,SFU,1,0,3,0,76,67,1525.131193054195,1476.9092523080967,1524.131193054195,1546.9092523080967,0.467266622272931,0.532733377727069,1541.9167941196445,1464.1236512426472
1/29/2021,2021,King,0,0,Lindenwood,King,1,0,3,0,75,54,1508.4833264699728,1531.8732159792437,1507.4833264699728,1601.8732159792437,0.3674081943280863,0.6325918056719138,1527.6655298060987,1516.6910126431178
1/29/2021,2021,Olive,0,0,Queens,Olive,0,1,2,3,105,107,1465.7360394945774,1500,1465.7360394945774,1570,0.3542998592529692,0.6457001407470309,1458.5661762058394,1511.169863288738
1/30/2021,2021,SFU,1,0,Lewis,NJIT,1,0,3,2,105,106,1541.9167941196445,1488.6485948600816,1540.9167941196445,1488.6485948600816,0.574657611631449,0.425342388368551,1553.458344773823,1481.107044205903
1/30/2021,2021,Concordia,0,0,GCU,Concordia,1,0,3,0,86,80,1494.4186779013603,1478.0227700050723,1493.4186779013603,1548.0227700050723,0.4220590613256018,0.5779409386743982,1512.289260429546,1464.1521874768866
1/30/2021,2021,GMU,0,0,Barton,GMU,0,1,0,3,48,75,1500,1505.625649701991,1500,1575.625649701991,0.3928528106500166,0.6071471893499835,1494.5715325443996,1515.0541171575915
1/30/2021,2021,Penn,0,0,Ohio,Penn,0,1,0,3,61,75,1491.19467292919,1520.80532707081,1490.19467292919,1590.80532707081,0.3591255596771125,0.6408744403228875,1486.5756594969391,1529.4243405030609
1/30/2021,2021,SFU,0,0,Loyola,SFU,1,0,3,2,116,98,1535.1484683086348,1464.1236512426472,1534.1484683086348,1534.1236512426472,0.5000357146288111,0.49996428537118875,1548.4809444908767,1454.7911750604053
1/30/2021,2021,LMU,0,0,Lindenwood,LMU,1,0,3,1,92,81,1527.6655298060987,1480.8714986850441,1526.6655298060987,1550.8714986850441,0.4652210642341196,0.5347789357658804,1543.1668909311466,1469.3701375599962
1/30/2021,2021,Tusculum,0,0,Belmont,Tusculum,1,0,3,0,76,56,1525.9168482490052,1483.335309259167,1525.9168482490052,1553.335309259167,0.4606233726323722,0.5393766273676277,1542.8618873058283,1470.3902702023438
1/30/2021,2021,Limestone,0,0,Greenville,Limestone,1,0,3,1,100,93,1510.9478102123112,1505.6314261021241,1510.9478102123112,1575.6314261021241,0.40797358497287634,0.5920264150271237,1527.823110839629,1492.7561254748064
2/2/2021,2021,Limestone,0,0,Emmanuel,Limestone,0,1,1,3,93,102,1500,1492.7561254748064,1500,1562.7561254748064,0.41065621184296924,0.5893437881570308,1492.8109175824354,1503.945207892371
2/2/2021,2021,Alderson,0,0,Bluefield,Alderson,0,1,2,2,107,106,1373,1480.9390943836358,1373,1550.9390943836358,0.26419070496877595,0.735809295031224,1366.6594230807493,1489.9463379695533
2/3/2021,2021,Greenville,0,0,Belmont,Greenville,1,0,3,2,105,110,1542.8618873058283,1527.823110839629,1542.8618873058283,1597.823110839629,0.4215576770348047,0.5784423229651953,1558.0778363903262,1516.607161755131
2/4/2021,2021,BYU,0,0,UCLA,BYU,1,0,3,1,90,90,1509.5813220986397,1500,1507.5813220986397,1570,0.41112641371719416,0.588873586282806,1526.3809548360937,1487.200367262546
2/4/2021,2021,NJIT,0,0,Sacred,NJIT,0,1,0,3,45,75,1500,1481.107044205903,1500,1551.107044205903,0.42697697861046796,0.5730230213895321,1493.7525525133487,1491.3544916925543
2/4/2021,2021,Penn,0,0,SFU,Penn,0,1,0,3,52,75,1454.7911750604053,1529.4243405030609,1454.7911750604053,1599.4243405030609,0.3031007852767381,0.6968992147232619,1451.5167562137635,1536.6987593497026
2/4/2021,2021,Lindenwood,0,0,McKendree,Lindenwood,1,0,3,0,75,54,1509.4902035634059,1543.1668909311466,1509.4902035634059,1613.1668909311466,0.35507362811328996,0.6449263718867101,1528.9684364886868,1527.6886580058656
2/4/2021,2021,Queens,0,0,Limestone,Queens,0,1,3,2,107,112,1503.945207892371,1458.5661762058394,1503.945207892371,1528.5661762058394,0.4646267712855492,0.5353732287144508,1491.4608320481846,1473.7172187166925
2/5/2021,2021,NJIT,0,0,Sacred,NJIT,0,1,0,3,48,75,1493.7525525133487,1491.3544916925543,1493.7525525133487,1561.3544916925543,0.4039224086916908,0.5960775913083092,1488.0584147047482,1501.048629501155
2/5/2021,2021,Ball,0,0,PFW,Ball,0,1,1,3,86,98,1500,1528.3917355276349,1500,1598.3917355276349,0.36207060917676454,0.6379293908232354,1493.9769720464244,1538.4147634812105
2/5/2021,2021,GMU,0,0,Charleston,GMU,0,1,2,3,95,107,1500,1515.0541171575915,1500,1585.0541171575915,0.37998524440199943,0.6200147555980006,1492.2136874676853,1526.8404296899062
2/5/2021,2021,Ohio,0,0,Lewis,Ohio,0,1,1,3,89,99,1553.458344773823,1486.5756594969391,1552.458344773823,1556.5756594969391,0.4940749851695066,0.5059250148304935,1544.2672117964216,1499.7667924743405
2/5/2021,2021,Quincy,0,0,Loyola,Quincy,1,0,3,0,75,57,1548.4809444908767,1531.414329874849,1548.4809444908767,1601.414329874849,0.42440671979738426,0.5755932802026157,1566.2951832157396,1517.6000911499864
2/5/2021,2021,Olive,0,0,Emmanuel,Olive,0,1,0,3,60,75,1492.8109175824354,1511.169863288738,1491.8109175824354,1581.169863288738,0.3741646348691424,0.6258353651308577,1487.830966345576,1520.1498145255975
2/5/2021,2021,Tusculum,0,0,LMU,Tusculum,1,0,3,2,110,102,1469.3701375599962,1470.3902702023438,1469.3701375599962,1540.3902702023438,0.39919395827018195,0.6008060417298181,1485.1228158948452,1458.6375918674948
2/6/2021,2021,BYU,0,0,UCLA,BYU,0,1,0,3,54,75,1526.3809548360937,1487.200367262546,1524.3809548360937,1557.200367262546,0.45290905047915625,0.5470909495208438,1519.5111376245939,1498.0701844740458
2/6/2021,2021,Ball,0,0,PFW,Ball,0,1,0,3,57,75,1493.9769720464244,1538.4147634812105,1493.9769720464244,1608.4147634812105,0.3410189161180734,0.6589810838819266,1489.7925180595907,1546.5992174680441
2/6/2021,2021,GMU,0,0,Charleston,GMU,0,1,0,3,66,77,1492.2136874676853,1526.8404296899062,1492.2136874676853,1596.8404296899062,0.35382225226888914,0.6461777477311108,1487.7219534132319,1535.3321637443596
2/6/2021,2021,Penn,0,0,SFU,Penn,0,1,2,3,100,114,1451.5167562137635,1536.6987593497026,1451.5167562137635,1606.6987593497026,0.29042941299219954,0.7095705870078005,1445.879783635284,1546.3357319281822
2/6/2021,2021,Ohio,0,0,Lewis,Ohio,1,0,3,0,75,55,1544.2672117964216,1499.7667924743405,1543.2672117964216,1569.7667924743405,0.46193781697099334,0.5380621830290067,1561.1807041891177,1486.8533000816444
2/6/2021,2021,Lindenwood,0,0,McKendree,Lindenwood,1,0,3,0,75,60,1528.9684364886868,1527.6886580058656,1528.9684364886868,1597.6886580058656,0.40237345695610754,0.5976265430438925,1547.3114735217403,1513.3456209728122
2/6/2021,2021,Quincy,0,0,Loyola,Quincy,1,0,3,0,75,47,1566.2951832157396,1517.6000911499864,1566.2951832157396,1587.6000911499864,0.46937814466057814,0.5306218553394219,1583.0301077438858,1504.8651666218402
2/6/2021,2021,Barton,0,0,Emmanuel,Barton,0,1,1,3,87,103,1487.830966345576,1494.5715325443996,1486.830966345576,1564.5715325443996,0.38995278880462814,0.6100472111953719,1481.1387660809316,1505.2637328090439
2/6/2021,2021,Queens,0,0,King,Queens,1,0,3,0,75,62,1516.6910126431178,1473.7172187166925,1516.6910126431178,1543.7172187166925,0.46118442143640304,0.538815578563597,1533.6225865286442,1460.785644831166
2/9/2021,2021,Queens,0,0,Emmanuel,Queens,0,1,2,3,106,104,1481.1387660809316,1460.785644831166,1481.1387660809316,1530.785644831166,0.42903475597026863,0.5709652440297314,1472.1752652709786,1473.7491456411192
2/9/2021,2021,King,0,0,LMU,King,1,0,3,0,75,53,1485.1228158948452,1533.6225865286442,1485.1228158948452,1603.6225865286442,0.33578395276642875,0.6642160472335713,1505.064001028451,1517.6814013950384
2/10/2021,2021,Barton,0,0,Limestone,Barton,0,1,1,3,88,98,1491.4608320481846,1505.2637328090439,1491.4608320481846,1575.2637328090439,0.3816836076231652,0.6183163923768347,1484.9670921318952,1515.7574727253332
2/12/2021,2021,BYU,0,0,Pepperdine,BYU,0,1,0,3,55,78,1529.9772299949277,1498.0701844740458,1527.9772299949277,1568.0701844740458,0.44255635560630324,0.5574436443936968,1523.3558774603764,1508.6915370085972
2/12/2021,2021,SFU,0,0,Charleston,SFU,1,0,3,2,109,108,1487.7219534132319,1445.879783635284,1487.7219534132319,1515.879783635284,0.45956611283170384,0.5404338871682962,1502.0257000386043,1435.5760370099115
2/12/2021,2021,Loyola,0,0,Lindenwood,Loyola,0,1,0,3,60,76,1513.3456209728122,1583.0301077438858,1512.3456209728122,1653.0301077438858,0.3079235251475227,0.6920764748524773,1509.9554563692716,1590.4202723474264
2/12/2021,2021,McKendree,0,0,Ohio,McKendree,0,1,1,3,82,98,1486.8533000816444,1547.3114735217403,1485.8533000816444,1617.3114735217403,0.3193557531862322,0.6806442468137678,1481.8554286718415,1556.3093449315431
2/12/2021,2021,PFW,0,0,Quincy,PFW,0,1,1,3,78,91,1504.8651666218402,1489.7925180595907,1503.8651666218402,1559.7925180595907,0.4202021229613195,0.5797978770386805,1497.4469823374352,1501.2107023439958
2/12/2021,2021,Lees,0,0,Barton,Lees,1,0,3,0,75,57,1515.7574727253332,1494.385523121022,1515.7574727253332,1564.385523121022,0.4304720261482449,0.5695279738517551,1533.4261440977752,1480.71685174858
2/12/2021,2021,Belmont,0,0,Emmanuel,Belmont,0,1,1,3,91,97,1472.1752652709786,1558.0778363903262,1472.1752652709786,1628.0778363903262,0.28957535201700524,0.7104246479829948,1467.8921234892373,1566.3609781720675
2/12/2021,2021,Erskine,0,0,Greenville,Erskine,1,0,3,0,75,56,1516.607161755131,1522.0277135280426,1516.607161755131,1592.0277135280426,0.3931344515466722,0.6068655484533277,1535.171934918011,1507.4629403651627
2/12/2021,2021,King,0,0,Olive,King,1,0,3,0,75,47,1520.1498145255975,1517.6814013950384,1520.1498145255975,1587.6814013950384,0.40401991926130854,0.5959800807386915,1538.4533364633262,1503.3778794573097
2/12/2021,2021,Queens,0,0,Alderson,Queens,0,1,0,3,45,75,1489.9463379695533,1473.7491456411192,1488.9463379695533,1543.7491456411192,0.4217800604852588,0.5782199395147412,1483.823616517907,1483.8718670927653
2/13/2021,2021,BYU,0,0,Pepperdine,BYU,0,1,1,3,98,102,1523.3558774603764,1508.6915370085972,1521.3558774603764,1578.6915370085972,0.41822831450765724,0.5817716854923427,1515.9850645788595,1520.062349890114
2/13/2021,2021,UCLA,0,0,USC,UCLA,1,0,3,1,107,107,1500,1519.5111376245939,1500,1589.5111376245939,0.3739595081550841,0.626040491844916,1517.6916384709448,1505.819499153649
2/13/2021,2021,Penn,0,0,NJIT,Penn,0,1,1,3,80,96,1501.048629501155,1546.3357319281822,1501.048629501155,1616.3357319281822,0.33992108492555984,0.6600789150744402,1495.5571901296082,1555.827171299729
2/13/2021,2021,SFU,0,0,Charleston,SFU,1,0,3,0,75,67,1502.0257000386043,1435.5760370099115,1502.0257000386043,1505.5760370099115,0.4948908322188994,0.5051091677811006,1518.1483200653508,1423.453416983165
2/13/2021,2021,Loyola,0,0,Lindenwood,Loyola,0,1,1,3,82,93,1509.9554563692716,1590.4202723474264,1508.9554563692716,1660.4202723474264,0.29485877927061727,0.7051412207293827,1505.5455123334434,1598.8302163832545
2/13/2021,2021,McKendree,0,0,Ohio,McKendree,0,1,1,3,87,92,1481.8554286718415,1556.3093449315431,1480.8554286718415,1626.3093449315431,0.30210372956550574,0.6978962704344943,1477.2716058289361,1564.8931677744486
2/13/2021,2021,PFW,0,0,Quincy,PFW,0,1,0,3,59,77,1497.4469823374352,1501.2107023439958,1496.4469823374352,1571.2107023439958,0.3940368917460451,0.6059631082539549,1491.9900969355301,1510.6675877459008
2/13/2021,2021,King,0,0,Barton,King,0,1,0,3,69,77,1533.4261440977752,1503.3778794573097,1533.4261440977752,1573.3778794573097,0.4427569131510321,0.557243086848968,1526.7999781821504,1514.0040453729346
2/13/2021,2021,Emmanuel,0,0,LMU,Emmanuel,0,1,1,3,83,93,1505.064001028451,1467.8921234892373,1505.064001028451,1537.8921234892373,0.45289662694757166,0.5471033730524282,1496.861148648376,1480.0949758693123
2/13/2021,2021,Erskine,0,0,Limestone,Erskine,1,0,3,0,75,60,1484.9670921318952,1507.4629403651627,1484.9670921318952,1577.4629403651627,0.36994590156604634,0.6300540984339537,1504.08839049431,1492.341642002748
2/13/2021,2021,Lees,0,0,Olive,Lees,1,0,3,1,102,91,1538.4533364633262,1480.71685174858,1538.4533364633262,1550.71685174858,0.48235870861179725,0.5176412913882027,1553.5433941233098,1469.6267940885964
2/14/2021,2021,Penn,0,0,NJIT,Penn,1,0,3,0,75,52,1495.5571901296082,1555.827171299729,1495.5571901296082,1625.827171299729,0.32084433455555633,0.6791556654444436,1515.856926100275,1539.5274353290622
2/17/2021,2021,Barton,0,0,Queens,Barton,0,1,2,3,110,114,1483.8718670927653,1526.7999781821504,1483.8718670927653,1596.7999781821504,0.3429745602120682,0.6570254397879317,1476.973810981009,1537.6980342939069
2/17/2021,2021,Erskine,0,0,Lees,Erskine,0,1,1,3,68,100,1469.6267940885964,1492.341642002748,1469.6267940885964,1562.341642002748,0.3696521068473938,0.6303478931526062,1463.4218101909257,1502.5466259004186
2/18/2021,2021,BYU,0,0,GCU,BYU,0,1,1,3,87,99,1512.289260429546,1520.062349890114,1511.289260429546,1590.062349890114,0.38853977707127413,0.6114602229287258,1505.630972446502,1530.720637873158
2/18/2021,2021,USC,0,0,UCLA,USC,1,0,3,1,102,93,1505.819499153649,1517.6916384709448,1505.819499153649,1587.6916384709448,0.38431003613846276,0.6156899638615373,1523.2627249529928,1504.248412671601
2/18/2021,2021,Stanford,0,0,Pepperdine,Stanford,1,0,3,0,77,63,1515.9850645788595,1500,1514.9850645788595,1570,0.42148228375476365,0.5785177162452363,1533.869489768745,1486.1155748101144
2/18/2021,2021,McKendree,0,0,Quincy,McKendree,0,1,1,3,91,98,1491.9900969355301,1564.8931677744486,1491.9900969355301,1634.8931677744486,0.3052085952772341,0.6947914047227659,1487.3317573155432,1573.5515073944355
2/19/2021,2021,Charleston,0,0,NJIT,Charleston,1,0,3,1,96,77,1515.856926100275,1518.1483200653508,1514.856926100275,1588.1483200653508,0.39606238296185997,0.60393761703814,1533.018095575857,1504.9871505897688
2/19/2021,2021,GMU,0,0,SFU,GMU,0,1,0,3,46,75,1423.453416983165,1535.3321637443596,1423.453416983165,1605.3321637443596,0.2598057861129112,0.7401942138870887,1421.218078116455,1541.5675026110696
2/19/2021,2021,Lewis,0,0,PFW,Lewis,0,1,1,3,83,86,1510.6675877459008,1561.1807041891177,1510.6675877459008,1631.1807041891177,0.33320399410221996,0.6667960058977801,1505.3373585541144,1570.5109333809041
2/19/2021,2021,McKendree,0,0,Quincy,McKendree,0,1,0,3,59,75,1487.3317573155432,1573.5515073944355,1487.3317573155432,1643.5515073944355,0.2891998841832743,0.7108001158167256,1484.3909600951447,1580.492304614834
2/19/2021,2021,Greenville,0,0,Barton,Greenville,0,1,0,3,67,75,1537.6980342939069,1535.171934918011,1536.6980342939069,1605.171934918011,0.40271447409012784,0.597285525909872,1532.0328869157438,1544.837082296174
2/19/2021,2021,Belmont,0,0,Olive,Belmont,1,0,3,0,79,69,1553.5433941233098,1566.3609781720675,1553.5433941233098,1636.3609781720675,0.3830230875067919,0.6169769124932081,1572.3508400231467,1551.5535322722305
2/19/2021,2021,Emmanuel,0,0,Lees,Emmanuel,0,1,1,3,77,100,1463.4218101909257,1480.0949758693123,1463.4218101909257,1550.0949758693123,0.3777919563320722,0.6222080436679278,1457.0214699056228,1490.4953161546152
2/19/2021,2021,Erskine,0,0,King,Erskine,0,1,2,3,101,103,1514.0040453729346,1502.5466259004186,1514.0040453729346,1572.5466259004186,0.4165388380659013,0.5834611619340987,1505.3404465926862,1515.210224680667
2/20/2021,2021,BYU,0,0,GCU,BYU,0,1,2,3,112,116,1505.630972446502,1530.720637873158,1504.630972446502,1600.720637873158,0.36513700555278905,0.634862994447211,1498.2010176465683,1542.1505926730918
2/20/2021,2021,USC,0,0,UCLA,USC,1,0,3,1,109,103,1523.2627249529928,1504.248412671601,1523.2627249529928,1574.248412671601,0.42714790824416954,0.5728520917558304,1539.6778418217996,1491.8332958027943
2/20/2021,2021,Stanford,0,0,Pepperdine,Stanford,1,0,3,1,98,91,1533.869489768745,1486.1155748101144,1532.869489768745,1556.1155748101144,0.46659602530361666,0.5334039746963832,1549.337851828125,1474.6472127507345
2/20/2021,2021,Charleston,0,0,NJIT,Charleston,1,0,3,1,98,84,1533.018095575857,1504.9871505897688,1532.018095575857,1574.9871505897688,0.438475919686616,0.561524080313384,1549.161340170045,1492.8439059955808
2/20/2021,2021,Ball,0,0,Lindenwood,Ball,0,1,0,3,56,75,1505.5455123334434,1546.5992174680441,1504.5455123334434,1616.5992174680441,0.3441097157583501,0.65589028424165,1501.286879155243,1554.8578506462445
2/20/2021,2021,GMU,0,0,SFU,GMU,0,1,0,3,53,75,1421.218078116455,1541.5675026110696,1421.218078116455,1611.5675026110696,0.25053905937569154,0.7494609406243085,1419.2051406914384,1547.5804400360862
2/20/2021,2021,Sacred,0,0,Penn,Sacred,1,0,3,0,75,45,1539.5274353290622,1488.0584147047482,1539.5274353290622,1558.0584147047482,0.4733570365919384,0.5266429634080616,1556.1668664508557,1475.4189835829548
2/20/2021,2021,Lewis,0,0,PFW,Lewis,0,1,2,3,106,118,1505.3373585541144,1570.5109333809041,1505.3373585541144,1640.5109333809041,0.3147248554975392,0.6852751445024607,1499.1172953555067,1580.7309965795118
2/20/2021,2021,Ohio,0,0,Loyola,Ohio,0,1,2,3,108,105,1598.8302163832545,1477.2716058289361,1597.8302163832545,1547.2716058289361,0.5722504189167712,0.4277495810832288,1586.4295396625853,1493.6722825496054
2/20/2021,2021,Belmont,0,0,Barton,Belmont,1,0,3,0,75,65,1532.0328869157438,1551.5535322722305,1532.0328869157438,1621.5535322722305,0.3739466949837963,0.6260533050162037,1551.0581662361326,1536.5282529518418
2/20/2021,2021,Emmanuel,0,0,King,Emmanuel,1,0,3,0,77,67,1505.3404465926862,1490.4953161546152,1505.3404465926862,1560.4953161546152,0.42128588086218877,0.5787141191378111,1523.2295854519937,1476.6061772953078
2/20/2021,2021,Limestone,0,0,Erskine,Limestone,0,1,0,3,55,75,1515.210224680667,1504.08839049431,1515.210224680667,1574.08839049431,0.4160694242024371,0.5839305757975629,1509.2245584998084,1514.0740566751685
2/20/2021,2021,Greenville,0,0,Olive,Greenville,0,1,1,3,98,102,1572.3508400231467,1544.837082296174,1572.3508400231467,1614.837082296174,0.4391603394482154,0.5608396605517846,1564.4776585430564,1556.7102637762644
2/20/2021,2021,Lees,0,0,Queens,Lees,1,0,3,0,78,61,1476.973810981009,1457.0214699056228,1476.973810981009,1527.0214699056228,0.42846969828633963,0.5715303017136604,1494.6905382221369,1443.3047426644948
2/20/2021,2021,Juniata,0,0,Alderson,Juniata,0,1,0,3,51,75,1483.823616517907,1419,1483.823616517907,1489,0.49255113649502413,0.5074488635049759,1476.0023892420265,1430.8212272758806
2/20/2021,2021,DYouville,0,0,Daemen,DYouville,1,0,3,0,75,41,1500,1500,1500,1570,0.40060320329074317,0.5993967967092568,1518.385523121022,1485.614476878978
2/21/2021,2021,UCI,0,0,Hawaii,UCI,1,0,3,1,97,71,1500,1500,1490,1570,0.3868631798468569,0.6131368201531431,1517.381950350342,1486.618049649658
2/21/2021,2021,Ball,0,0,Lindenwood,Ball,0,1,0,3,63,75,1501.286879155243,1554.8578506462445,1500.286879155243,1624.8578506462445,0.32803451304987574,0.6719654869501243,1497.414050842046,1562.7306789594415
2/21/2021,2021,Sacred,0,0,Penn,Sacred,1,0,3,1,98,77,1556.1668664508557,1475.4189835829548,1556.1668664508557,1545.4189835829548,0.5154625147347739,0.48453748526522616,1570.4624327638878,1465.1234172699226
2/21/2021,2021,Ohio,0,0,Loyola,Ohio,0,1,0,3,64,77,1586.4295396625853,1493.6722825496054,1585.4295396625853,1563.6722825496054,0.5312703443605292,0.4687296556394709,1577.6790513979327,1506.422770814258
2/22/2021,2021,UCI,0,0,Hawaii,UCI,1,0,3,0,78,53,1517.381950350342,1486.618049649658,1507.381950350342,1556.618049649658,0.429614103603378,0.570385896396622,1535.071211863861,1472.928788136139
2/23/2021,2021,Belmont,0,0,Erskine,Belmont,0,1,0,3,63,75,1509.2245584998084,1536.5282529518418,1509.2245584998084,1606.5282529518418,0.3635185166044,0.6364814833956,1504.5001141013029,1545.2526973503473
2/24/2021,2021,UCSD,0,0,Hawaii,UCSD,1,0,3,0,75,61,1535.071211863861,1500,1525.071211863861,1570,0.43570029438224617,0.5642997056177539,1552.614404798687,1486.456807065174
2/24/2021,2021,USC,0,0,Pepperdine,USC,1,0,3,0,80,68,1549.337851828125,1491.8332958027943,1549.337851828125,1561.8332958027943,0.4820253597981653,0.5179746402018347,1565.769243192969,1479.4019044379502
2/24/2021,2021,Olive,0,0,Barton,Olive,0,1,2,3,98,108,1551.0581662361326,1564.4776585430564,1551.0581662361326,1634.4776585430564,0.38220461623037416,0.6177953837696258,1543.218588779937,1576.317235999252
2/24/2021,2021,King,0,0,Greenville,King,0,1,2,3,106,101,1556.7102637762644,1523.2295854519937,1556.7102637762644,1593.2295854519937,0.4476371702341318,0.5523628297658683,1547.3003050239784,1536.6395442042797
2/24/2021,2021,DYouville,0,0,Medaille,DYouville,1,0,3,0,75,70,1419,1485.614476878978,1419,1555.614476878978,0.31293871014525215,0.6870612898547479,1439.489470956514,1469.125005922464
2/25/2021,2021,UCSD,0,0,Hawaii,UCSD,1,0,3,0,75,62,1552.614404798687,1486.456807065174,1542.614404798687,1556.456807065174,0.4800897155946223,0.5199102844053778,1569.0922516244161,1473.9789602394449
2/25/2021,2021,GCU,0,0,BYU,GCU,0,1,0,3,95,75,1542.1505926730918,1498.2010176465683,1541.1505926730918,1568.2010176465683,0.4611497778750385,0.5388502221249615,1535.0829980040908,1509.2686123155693
2/25/2021,2021,UCLA,0,0,Concordia,UCLA,0,1,0,3,57,75,1464.1521874768866,1539.6778418217996,1464.1521874768866,1609.6778418217996,0.30201666990971604,0.697983330090284,1460.9037873990535,1546.9262418996327
2/25/2021,2021,NJIT,0,0,SFU,NJIT,0,1,0,3,51,75,1419.2051406914384,1549.161340170045,1419.2051406914384,1619.161340170045,0.24029909914958758,0.7597009008504124,1417.4379623118482,1554.928518549635
2/25/2021,2021,Loyola,0,0,PFW,Loyola,1,0,3,1,95,91,1499.1172953555067,1577.6790513979327,1499.1172953555067,1647.6790513979327,0.29834522673392055,0.7016547732660794,1518.6236765805593,1562.17267017288
2/26/2021,2021,NJIT,0,0,SFU,NJIT,0,1,0,3,50,75,1417.4379623118482,1554.928518549635,1417.4379623118482,1624.928518549635,0.23247084358509001,0.7675291564149099,1415.8586620658061,1560.5078187956772
2/26/2021,2021,Pepperdine,0,0,USC,Pepperdine,0,1,0,3,75,57,1479.4019044379502,1565.769243192969,1479.4019044379502,1635.769243192969,0.28902527119665555,0.7109747288033444,1476.4652979292305,1572.7058497016887
2/26/2021,2021,Charleston,0,0,Sacred,Charleston,0,1,0,3,63,78,1465.1234172699226,1492.8439059955808,1464.1234172699226,1562.8439059955808,0.36163361254335796,0.638366387456642,1460.444210568882,1501.5231126966214
2/26/2021,2021,Penn,0,0,GMU,Penn,0,1,1,3,86,100,1547.5804400360862,1570.4624327638878,1547.5804400360862,1640.4624327638878,0.3694279419549264,0.6305720580450737,1541.3808360958346,1580.6620367041394
2/26/2021,2021,Lewis,0,0,McKendree,Lewis,1,0,3,1,94,87,1580.492304614834,1580.7309965795118,1580.492304614834,1650.7309965795118,0.40027331799746163,0.5997266820025383,1597.5524116495617,1567.6708895447841
2/26/2021,2021,Quincy,0,0,Lindenwood,Quincy,0,1,1,3,89,96,1497.414050842046,1484.3909600951447,1497.414050842046,1554.3909600951447,0.41873087363794037,0.5812691263620596,1490.0311765414021,1495.7738343957885
2/26/2021,2021,Limestone,0,0,Tusculum,Limestone,0,1,1,3,75,98,1458.6375918674948,1514.0740566751685,1458.6375918674948,1584.0740566751685,0.3269372440822403,0.6730627559177597,1453.457764676188,1523.2538838664755
2/26/2021,2021,Daemen,0,0,Elmira,Daemen,0,1,0,3,45,70,1419,1518.385523121022,1419,1588.385523121022,0.273872797971395,0.7261272020286049,1416.4270528486866,1524.9584702723355
2/27/2021,2021,GCU,0,0,BYU,GCU,1,0,3,0,75,51,1535.0829980040908,1509.2686123155693,1534.0829980040908,1579.2686123155693,0.43533683883891466,0.5646631611610854,1552.6349138719568,1495.7166964477033
2/27/2021,2021,Concordia,0,0,UCLA,Concordia,0,1,2,3,104,106,1546.9262418996327,1460.9037873990535,1546.9262418996327,1530.9037873990535,0.5230418333907906,0.4769581666092094,1535.706571231587,1476.1234580670991
2/27/2021,2021,Ball,0,0,Ohio,Ball,1,0,3,2,107,105,1506.422770814258,1562.7306789594415,1506.422770814258,1632.7306789594415,0.3258343418244017,0.6741656581755984,1523.9360799438057,1549.2173698298939
2/27/2021,2021,Charleston,0,0,Sacred,Charleston,0,1,1,3,84,97,1460.444210568882,1501.5231126966214,1459.444210568882,1571.5231126966214,0.3440769799758077,0.6559230200241922,1454.8530297161294,1511.114293549374
2/27/2021,2021,Penn,0,0,GMU,Penn,0,1,0,3,56,75,1541.3808360958346,1580.6620367041394,1541.3808360958346,1650.6620367041394,0.34772072595805875,0.6522792740419413,1537.0355386728413,1589.0073341271327
2/27/2021,2021,Lees,0,0,Greenville,Lees,1,0,3,0,75,51,1547.3003050239784,1443.3047426644948,1547.3003050239784,1513.3047426644948,0.5487680103439807,0.45123198965601935,1562.1298727757228,1432.4751749127504
2/27/2021,2021,Queens,0,0,Tusculum,Queens,0,1,2,3,98,110,1453.457764676188,1494.6905382221369,1453.457764676188,1564.6905382221369,0.3451770735982934,0.6548229264017067,1446.506848243162,1505.6414546551625
2/28/2021,2021,Erskine,0,0,Barton,Erskine,0,1,0,3,64,75,1543.218588779937,1504.5001141013029,1542.218588779937,1574.5001141013029,0.4536763772345124,0.5463236227654876,1536.3303557263087,1515.3883471549311
2/28/2021,2021,Emmanuel,0,0,Olive,Emmanuel,1,0,3,2,114,108,1576.317235999252,1476.6061772953078,1575.317235999252,1546.6061772953078,0.5412247378847177,0.45877526211528225,1588.6611756233522,1468.2622376712077
3/1/2021,2021,Emmanuel,0,0,Barton,Emmanuel,0,1,2,3,101,112,1536.3303557263087,1468.2622376712077,1535.3303557263087,1538.2622376712077,0.4957807828624895,0.5042192171375105,1525.764950270942,1482.8276431265742
3/1/2021,2021,Erskine,0,0,Olive,Erskine,1,0,3,0,75,48,1588.6611756233522,1515.3883471549311,1587.6611756233522,1585.3883471549311,0.5032708164367782,0.4967291835632217,1604.5826760288694,1503.466846749414
3/2/2021,2021,UCLA,0,0,Concordia,UCLA,0,1,0,3,57,75,1476.1234580670991,1535.706571231587,1476.1234580670991,1605.706571231587,0.32170651838080333,0.6782934816191967,1472.4025016259598,1543.4275276727265
3/2/2021,2021,Limestone,0,0,Lees,Limestone,0,1,0,3,59,75,1432.4751749127504,1523.2538838664755,1432.4751749127504,1593.2538838664755,0.2838351743393002,0.7161648256606997,1429.6631307286073,1530.0659280506186
3/3/2021,2021,UCSB,0,0,UCSD,UCSB,0,1,1,3,93,101,1473.9789602394449,1500,1473.9789602394449,1570,0.36522858568490313,0.6347714143150969,1467.880140849674,1510.0988193897708
3/3/2021,2021,Pepperdine,0,0,Stanford,Pepperdine,0,1,0,3,57,75,1474.6472127507345,1572.7058497016887,1473.6472127507345,1642.7058497016887,0.27424716582990416,0.7257528341700958,1472.0652807708168,1579.2877816816065
3/3/2021,2021,Belmont,0,0,Queens,Belmont,1,0,3,0,75,61,1505.6414546551625,1545.2526973503473,1505.6414546551625,1615.2526973503473,0.3472899381338581,0.6527100618661419,1525.30649613995,1529.5876558655598
3/3/2021,2021,Greenville,0,0,King,Greenville,0,1,0,3,67,76,1536.6395442042797,1562.1298727757228,1536.6395442042797,1632.1298727757228,0.3659371423286416,0.6340628576713583,1531.8570527883924,1570.91236419161
3/4/2021,2021,Concordia,0,0,BYU,Concordia,1,0,3,0,75,58,1552.6349138719568,1472.4025016259598,1550.6349138719568,1542.4025016259598,0.5118451768591379,0.488154823140862,1568.3506296273374,1460.6867858705791
3/4/2021,2021,UCSB,0,0,UCSD,UCSB,0,1,0,3,56,75,1467.880140849674,1510.0988193897708,1467.880140849674,1580.0988193897708,0.3438954101941242,0.6561045898058758,1463.626651005015,1518.3523092344299
3/4/2021,2021,Greenville,0,0,Emmanuel,Greenville,0,1,0,3,54,75,1482.8276431265742,1570.91236419161,1482.8276431265742,1640.91236419161,0.28699803539672825,0.7130019646032718,1479.9396902770527,1577.8003170411316
3/4/2021,2021,LMU,0,0,Erskine,LMU,0,1,0,3,60,76,1503.466846749414,1496.861148648376,1503.466846749414,1566.861148648376,0.4097674189915552,0.5902325810084447,1497.6324286936165,1506.6955667041734
3/5/2021,2021,USC,0,0,BYU,USC,1,0,3,0,75,64,1568.3506296273374,1476.4652979292305,1566.3506296273374,1546.4652979292305,0.5285860854471174,0.4714139145528827,1583.6645635766065,1465.1513639799614
3/5/2021,2021,UCLA,0,0,Stanford,UCLA,0,1,1,3,74,98,1472.0652807708168,1543.4275276727265,1471.0652807708168,1613.4275276727265,0.30586917600395264,0.6941308239960474,1467.3910872133886,1552.1017212301547
3/5/2021,2021,GMU,0,0,NJIT,GMU,1,0,3,1,96,90,1560.5078187956772,1537.0355386728413,1560.5078187956772,1607.0355386728413,0.4334386553897187,0.5665613446102813,1576.7719577329906,1524.771399735528
3/5/2021,2021,Lewis,0,0,Ball,Lewis,0,1,0,3,61,75,1549.2173698298939,1567.6708895447841,1549.2173698298939,1637.6708895447841,0.3753859154129668,0.6246140845870333,1544.2081078599826,1576.6801515146954
3/5/2021,2021,Penn,0,0,Charleston,Penn,0,1,0,3,55,75,1511.114293549374,1589.0073341271327,1510.114293549374,1659.0073341271327,0.29794617212956553,0.7020538278704345,1507.9635854182645,1596.1580422582422
3/5/2021,2021,SFU,0,0,Sacred,SFU,0,1,1,3,83,102,1454.8530297161294,1415.8586620658061,1453.8530297161294,1485.8586620658061,0.4540700400018568,0.5459299599981432,1446.6220154227517,1428.0896763591838
3/5/2021,2021,Barton,0,0,King,Barton,0,1,1,3,107,113,1531.8570527883924,1525.764950270942,1531.8570527883924,1595.764950270942,0.40905255829039017,0.5909474417096098,1524.7064580560898,1536.9155450032447
3/5/2021,2021,Limestone,0,0,Belmont,Limestone,0,1,2,3,104,117,1529.5876558655598,1530.0659280506186,1529.5876558655598,1600.0659280506186,0.399942295985692,0.600057704014308,1521.3223740952365,1542.331209820942
3/5/2021,2021,Tusculum,1,0,Bluefield,Erskine,0,1,1,3,70,94,1373,1497.6324286936165,1373,1497.6324286936165,0.3279565356827531,0.6720434643172469,1367.7957098102806,1506.8367188833358
3/5/2021,2021,Tusculum,0,0,Erskine,Tusculum,1,0,3,0,75,58,1506.8367188833358,1446.506848243162,1506.8367188833358,1516.506848243162,0.48608715760913296,0.5139128423908671,1523.1706271007167,1434.1729400257811
3/5/2021,2021,Olive,0,0,Lees,Olive,0,1,2,3,106,117,1429.6631307286073,1604.5826760288694,1429.6631307286073,1674.5826760288694,0.19625452452303746,0.8037454754769625,1426.2863554733876,1611.959451284089
3/5/2021,2021,Tusculum,0,0,Bluefield,Tusculum,0,1,0,3,60,75,1373,1434.1729400257811,1373,1504.1729400257811,0.3197127626725977,0.6802872373274023,1369.3268936958577,1441.8460463299234
3/5/2021,2021,Medaille,0,0,Daemen,Medaille,1,0,3,1,99,80,1524.9584702723355,1419,1524.9584702723355,1489,0.551564417603304,0.44843558239669595,1538.3875909165229,1409.5708793558126
3/6/2021,2021,UCLA,0,0,Stanford,UCLA,0,1,1,3,74,96,1467.3910872133886,1552.1017212301547,1466.3910872133886,1622.1017212301547,0.2898027021349949,0.7101972978650051,1463.1024890288154,1560.3903194147279
3/6/2021,2021,GMU,0,0,NJIT,GMU,1,0,3,0,75,60,1576.7719577329906,1524.771399735528,1576.7719577329906,1594.771399735528,0.4741198699802657,0.5258801300197343,1593.3930808534642,1512.1502766150543
3/6/2021,2021,USC,0,0,Concordia,USC,1,0,3,2,102,103,1460.6867858705791,1465.1513639799614,1460.6867858705791,1535.1513639799614,0.39444813156107816,0.6055518684389218,1476.5533640464464,1453.284785804094
3/6/2021,2021,Lewis,0,0,Ball,Lewis,0,1,0,3,51,75,1544.2081078599826,1576.6801515146954,1544.2081078599826,1646.6801515146954,0.35666319134565316,0.6433368086543468,1539.648191267687,1585.240068106991
3/6/2021,2021,Penn,0,0,Charleston,Penn,0,1,0,3,62,75,1507.9635854182645,1596.1580422582422,1506.9635854182645,1666.1580422582422,0.2856926074029913,0.7143073925970087,1505.1069628405928,1603.014664835914
3/6/2021,2021,SFU,0,0,Sacred,SFU,0,1,0,3,55,75,1446.6220154227517,1428.0896763591838,1445.6220154227517,1498.0896763591838,0.42506176378254185,0.5749382362174582,1440.4205330919708,1438.2911586899647
3/6/2021,2021,Barton,0,0,Lees,Barton,0,1,0,3,57,75,1426.2863554733876,1536.9155450032447,1426.2863554733876,1606.9155450032447,0.2611914422468893,0.7388085577531107,1424.0177608594622,1543.18413961717
3/6/2021,2021,Greenville,0,0,Queens,Greenville,0,1,1,3,94,97,1525.30649613995,1577.8003170411316,1525.30649613995,1647.8003170411316,0.3306755770000566,0.6693244229999434,1520.0369489586153,1587.0698642224663
3/6/2021,2021,Olive,0,0,King,Olive,1,0,3,2,106,99,1524.7064580560898,1611.959451284089,1524.7064580560898,1681.959451284089,0.28797876408509143,0.7120212359149085,1543.128301051381,1597.5376082887979
3/6/2021,2021,Fisher,0,0,Daemen,Fisher,1,0,3,2,114,95,1538.3875909165229,1419,1538.3875909165229,1489,0.5705995769126907,0.42940042308730936,1550.0265344039515,1411.3610565125714
3/7/2021,2021,UCSB,0,0,UCI,UCSB,0,1,0,3,61,75,1472.928788136139,1518.3523092344299,1472.928788136139,1588.3523092344299,0.33974490806618746,0.6602550919338126,1468.7749103425506,1526.5061870280183
3/7/2021,2021,UCSB,0,0,UCI,UCSB,0,1,1,3,83,91,1468.7749103425506,1526.5061870280183,1468.7749103425506,1596.5061870280183,0.3240370657114206,0.6759629342885795,1463.6646874321432,1535.6164099384257
3/9/2021,2021,LMU,0,0,Emmanuel,LMU,0,1,0,3,62,75,1479.9396902770527,1506.6955667041734,1479.9396902770527,1576.6955667041734,0.36424846292534196,0.635751537074658,1475.1977271668445,1515.4375298143816
3/9/2021,2021,Erskine,0,0,Jamestown,Erskine,1,0,3,1,98,83,1373,1523.1706271007167,1369,1593.1706271007167,0.21578006133931293,0.784219938660687,1394.4879451945233,1505.6826819061935
3/9/2021,2021,Queens,0,0,Lees,Queens,0,1,0,3,44,75,1424.0177608594622,1520.0369489586153,1424.0177608594622,1590.0369489586153,0.27774330820117876,0.7222566917988212,1421.351921462634,1526.7027883554435
3/9/2021,2021,LMU,0,0,Emmanuel,LMU,0,1,3,0,62,75,1475.1977271668445,1515.4375298143816,1475.1977271668445,1585.4375298143816,0.34647020113534316,0.6535297988646569,1462.8824423395963,1527.7528146416298
3/9/2021,2021,Medaille,0,0,DYouville,Medaille,1,0,3,0,79,66,1469.125005922464,1419,1469.125005922464,1489,0.4714287429820764,0.5285712570179236,1485.8107160908942,1406.3142898315698
3/10/2021,2021,Limestone,0,0,Barton,Limestone,0,1,1,3,88,94,1543.18413961717,1542.331209820942,1543.18413961717,1612.331209820942,0.4017827331629338,0.5982172668370662,1536.2080206879264,1553.3073287501857
3/10/2021,2021,Tusculum,0,0,Emmanuel,Tusculum,1,0,3,1,95,91,1462.8824423395963,1441.8460463299234,1462.8824423395963,1511.8460463299234,0.4299985270776868,0.5700014729223132,1479.2291443563986,1429.4993443131211
3/10/2021,2021,King,0,0,Queens,King,1,0,3,0,75,64,1526.7027883554435,1543.128301051381,1526.7027883554435,1613.128301051381,0.378127124823048,0.621872875176952,1545.6277373596904,1528.203352047134
3/10/2021,2021,Lees,0,0,Jamestown,Lees,1,0,3,1,98,75,1373,1421.351921462634,1369,1491.351921462634,0.33085639231591735,0.6691436076840827,1391.7261132510848,1406.6258082115492
3/11/2021,2021,UCSB,0,0,Hawaii,UCSB,1,0,3,1,91,85,1569.0922516244161,1535.6164099384257,1560.0922516244161,1605.6164099384257,0.43485784399998073,0.5651421560000193,1585.3223300350833,1523.3863315277586
3/11/2021,2021,UCLA,0,0,Pepperdine,UCLA,0,1,2,3,86,110,1579.2877816816065,1560.3903194147279,1579.2877816816065,1630.3903194147279,0.4269833256295259,0.573016674370474,1570.3735151998312,1573.304585896503
3/11/2021,2021,UCI,0,0,UCSD,UCI,0,1,2,3,107,111,1463.626651005015,1463.6646874321432,1463.626651005015,1533.6646874321432,0.4005506288338566,0.5994493711661434,1455.3467692463357,1475.9445691908224
3/11/2021,2021,Concordia,0,0,USC,Concordia,0,1,0,3,67,75,1453.284785804094,1476.5533640464464,1453.284785804094,1546.5533640464464,0.3689096918685826,0.6310903081314174,1448.430953199248,1485.4071966512925
3/11/2021,2021,Ohio,0,0,Ball,Ohio,1,0,3,2,111,102,1539.648191267687,1523.9360799438057,1539.648191267687,1593.9360799438057,0.4225031200998491,0.577496879900151,1554.8414497186238,1512.7428214928689
3/12/2021,2021,UCSB,0,0,Hawaii,UCSB,1,0,3,0,75,59,1585.3223300350833,1523.3863315277586,1576.3223300350833,1593.3863315277586,0.4754626543180136,0.5245373456819864,1601.911226331451,1510.7974352313909
3/12/2021,2021,BYU,0,0,Stanford,BYU,0,1,0,3,47,75,1463.1024890288154,1583.6645635766065,1461.1024890288154,1653.6645635766065,0.24815504271153832,0.7518449572884617,1461.1467680037385,1589.6202846016834
3/12/2021,2021,UCSD,0,0,UCI,UCSD,0,1,2,3,100,113,1475.9445691908224,1455.3467692463357,1475.9445691908224,1525.3467692463357,0.42937981813313975,0.5706201818668603,1466.9727868889604,1468.3185515481978
3/12/2021,2021,Sacred,0,0,NJIT,Sacred,1,0,3,0,75,63,1593.3930808534642,1440.4205330919708,1593.3930808534642,1510.4205330919708,0.6171876948381053,0.3828123051618947,1606.5805761773497,1431.2330377680853
3/12/2021,2021,Charleston,0,0,GMU,Charleston,1,0,3,1,96,87,1512.1502766150543,1505.1069628405928,1512.1502766150543,1575.1069628405928,0.41037682631390426,0.5896231736860956,1528.9678994501874,1492.2893400054597
3/12/2021,2021,McKendree,0,0,Lewis,McKendree,1,0,3,0,75,62,1585.240068106991,1597.5524116495617,1585.240068106991,1667.5524116495617,0.38371062311737647,0.6162893768826235,1604.031013152174,1582.7614666043787
3/12/2021,2021,Lindenwood,0,0,Quincy,Lindenwood,0,1,1,3,79,95,1495.7738343957885,1490.0311765414021,1495.7738343957885,1560.0311765414021,0.40856639463633215,0.5914336053636678,1488.6349075911833,1501.1701033460074
3/12/2021,2021,PFW,0,0,Loyola,PFW,1,0,3,1,108,103,1562.17267017288,1518.6236765805593,1562.17267017288,1588.6236765805593,0.4620073166163179,0.5379926833836821,1577.7511612407552,1507.0451855126842
3/12/2021,2021,Belmont,0,0,King,Belmont,0,1,1,3,88,99,1528.203352047134,1521.3223740952365,1528.203352047134,1591.3223740952365,0.41015073127487794,0.5898492687251221,1521.0264011632037,1532.4993249791669
3/12/2021,2021,Emmanuel,0,0,Jamestown,Emmanuel,1,0,3,0,75,52,1373,1479.2291443563986,1369,1549.2291443563986,0.2616360676811611,0.738363932318839,1394.7207343756522,1461.5084099807464
3/12/2021,2021,Greenville,0,0,Lees,Greenville,0,1,0,3,48,75,1406.6258082115492,1587.0698642224663,1406.6258082115492,1657.0698642224663,0.19128658264656326,0.8087134173534368,1406.0349302280317,1591.6607422059838
3/13/2021,2021,UCSB,0,0,Hawaii,UCSB,1,0,3,0,76,65,1601.911226331451,1510.7974352313909,1592.911226331451,1580.7974352313909,0.5174260859369846,0.4825739140630154,1617.4930002689634,1499.2156612938784
3/13/2021,2021,BYU,0,0,Stanford,BYU,0,1,0,3,56,75,1461.1467680037385,1589.6202846016834,1459.1467680037385,1659.6202846016834,0.23975588475241918,0.7602441152475808,1459.3926267696804,1595.3744258357415
3/13/2021,2021,Pepperdine,0,0,UCLA,Pepperdine,0,1,1,3,92,99,1573.304585896503,1570.3735151998312,1573.304585896503,1640.3735151998312,0.40466136608746567,0.5953386339125344,1566.2593797770708,1581.4187213192636
3/13/2021,2021,Sacred,0,0,NJIT,Sacred,1,0,3,0,75,60,1606.5805761773497,1431.2330377680853,1606.5805761773497,1501.2330377680853,0.6471258198286186,0.3528741801713814,1619.0495565014628,1422.7640574439722
3/13/2021,2021,USC,0,0,Concordia,USC,0,1,1,3,76,99,1485.4071966512925,1448.430953199248,1485.4071966512925,1518.430953199248,0.45261760033847703,0.5473823996615229,1477.2110409098357,1460.6271089407048
3/13/2021,2021,Charleston,0,0,GMU,Charleston,1,0,3,0,75,65,1528.9678994501874,1492.2893400054597,1528.9678994501874,1562.2893400054597,0.4521930803924123,0.5478069196075877,1546.1152655207695,1479.1419739348776
3/13/2021,2021,Lees,0,0,Belmont,Lees,0,1,2,3,105,103,1532.4993249791669,1406.0349302280317,1532.4993249791669,1476.0349302280317,0.5805508725792381,0.41944912742076185,1519.8994373705984,1422.6348178366002
3/13/2021,2021,Limestone,0,0,Jamestown,Limestone,1,0,3,2,104,103,1373,1553.3073287501857,1369,1623.3073287501857,0.18786992844880065,0.8121300715511993,1393.824455050562,1536.4828736996237
3/13/2021,2021,Queens,0,0,LMU,Queens,0,1,2,3,103,115,1527.7528146416298,1545.6277373596904,1527.7528146416298,1615.6277373596904,0.3761671860610028,0.6238328139389973,1520.058135509499,1557.3224164918213
3/14/2021,2021,LImestone,0,0,LMU,Limestone,1,0,3,0,79,69,1520.058135509499,1536.4828736996237,1520.058135509499,1536.4828736996237,0.47638049440653624,0.5236195055934638,1536.625003643742,1523.9160055653806
3/14/2021,2021,Elmira,0,0,Daemen,Elmira,1,0,3,0,75,43,1550.0265344039515,1419,1550.0265344039515,1489,0.5869320556310488,0.41306794436895117,1563.9401650688062,1409.0863693351453
3/14/2021,2021,Elmira,0,0,Daemen,Elmira,1,0,3,0,75,52,1563.9401650688062,1419,1563.9401650688062,1489,0.6062056025342559,0.3937943974657441,1577.391230607984,1409.5489344608222
3/16/2021,2021,Emmanuel,0,0,Erskine,Emmanuel,0,1,1,3,83,93,1505.6826819061935,1461.5084099807464,1505.6826819061935,1531.5084099807464,0.4629020903466784,0.5370979096533216,1497.23969840454,1473.9513934824
3/16/2021,2021,LMU,0,0,King,LMU,0,1,0,3,65,77,1521.0264011632037,1536.625003643742,1521.0264011632037,1606.625003643742,0.3792470904620133,0.6207529095379867,1515.9244709921154,1545.7269338148303
3/17/2021,2021,GCU,0,0,USC,GCU,0,1,0,3,46,75,1460.6271089407048,1495.7166964477033,1459.6271089407048,1565.7166964477033,0.35189936239902037,0.6481006376009797,1456.1815242431283,1504.1622811452798
3/17/2021,2021,Belmont,0,0,Tusculum,Belmont,0,1,0,3,51,75,1429.4993443131211,1519.8994373705984,1429.4993443131211,1589.8994373705984,0.2842784136057976,0.7157215863942024,1426.676662386582,1526.7221192971376
3/17/2021,2021,Greenville,0,0,Limestone,Greenville,0,1,0,3,59,76,1523.9160055653806,1591.6607422059838,1523.9160055653806,1661.6607422059838,0.3115415089320083,0.6884584910679916,1520.4390093510124,1599.137738420352
3/18/2021,2021,Loyola,0,0,McKendree,Loyola,0,1,0,3,67,75,1582.7614666043787,1577.7511612407552,1581.7614666043787,1647.7511612407552,0.406158922892391,0.593841077107609,1577.0136524549614,1587.4989753901725
3/18/2021,2021,Queens,0,0,Olive,Queens,0,1,0,3,51,75,1597.5376082887979,1557.3224164918213,1597.5376082887979,1627.3224164918213,0.45724091270207584,0.5427590872979242,1590.563826383948,1568.2961983966711
3/19/2021,2021,Pepperdine,0,0,BYU,Pepperdine,1,0,3,1,95,80,1595.3744258357415,1581.4187213192636,1593.3744258357415,1651.4187213192636,0.41723611401645233,0.5827638859835477,1612.0274257660133,1568.7657213889918
3/19/2021,2021,NJIT,0,0,Penn,NJIT,1,0,3,0,83,75,1603.014664835914,1619.0495565014628,1603.014664835914,1689.0495565014628,0.3786560200087267,0.6213439799912732,1621.9269203557044,1604.1373009816723
3/19/2021,2021,Stanford,0,0,GCU,Stanford,0,1,0,3,67,75,1504.1622811452798,1459.3926267696804,1502.1622811452798,1529.3926267696804,0.46089242485583737,0.5391075751441626,1497.1008629487399,1470.4540449662204
3/19/2021,2021,Quincy,0,0,Ball,Quincy,1,0,3,1,98,74,1554.8414497186238,1488.6349075911833,1553.8414497186238,1558.6349075911833,0.49310209726191717,0.5068979027380829,1569.6736660510046,1477.8026912588025
3/19/2021,2021,Charleston,0,0,SFU,Charleston,1,0,3,2,104,102,1438.2911586899647,1479.1419739348776,1438.2911586899647,1549.1419739348776,0.3456742209829112,0.6543257790170889,1455.328310719708,1466.1048219051343
3/19/2021,2021,Lindenwood,0,0,Lewis,Lindenwood,1,0,3,0,82,65,1604.031013152174,1501.1701033460074,1604.031013152174,1571.1701033460074,0.5471501386587264,0.45284986134127364,1618.8994098243645,1490.3017066738169
3/19/2021,2021,Loyola,0,0,McKendree,Loyola,0,1,1,3,86,95,1577.0136524549614,1587.4989753901725,1576.0136524549614,1657.4989753901725,0.3848370427556375,0.6151629572443625,1570.444230095493,1598.068397749641
3/19/2021,2021,PFW,0,0,Ohio,PFW,1,0,3,1,97,90,1512.7428214928689,1507.0451855126842,1512.7428214928689,1577.0451855126842,0.40850377109635455,0.5914962289036454,1529.605397653223,1494.18260935233
3/19/2021,2021,Erskine,0,0,Belmont,Erskine,1,0,3,0,75,56,1526.7221192971376,1497.23969840454,1526.7221192971376,1567.23969840454,0.4419534223549745,0.5580465776450255,1544.1152371606183,1483.8465805410592
3/19/2021,2021,Emmanuel,0,0,Greenville,Emmanuel,0,1,2,3,103,98,1599.137738420352,1473.9513934824,1599.137738420352,1543.9513934824,0.5787582925972087,0.4212417074027912,1586.5808727313522,1490.5082591713997
3/19/2021,2021,King,0,0,Limestone,King,1,0,3,0,79,63,1520.4390093510124,1515.9244709921154,1520.4390093510124,1585.9244709921154,0.4068592020455089,0.5931407979544912,1538.6743885019202,1501.6890918412075
3/19/2021,2021,LMU,0,0,Tusculum,LMU,0,1,0,3,55,75,1426.676662386582,1545.7269338148303,1426.676662386582,1615.7269338148303,0.2519459146243063,0.7480540853756936,1424.6299604355986,1551.7736357658137
3/20/2021,2021,Pepperdine,0,0,BYU,Pepperdine,1,0,3,0,75,55,1612.0274257660133,1568.7657213889918,1610.0274257660133,1638.7657213889918,0.45873633174808987,0.5412636682519101,1629.017753804059,1555.775393350946
3/20/2021,2021,UCSB,0,0,LBSU,UCSB,0,1,1,3,83,100,1500,1499.2156612938784,1500,1569.2156612938784,0.4016878352266404,0.5983121647733596,1493.0261586212273,1510.189502672651
3/20/2021,2021,NJIT,0,0,Penn,NJIT,1,0,3,0,75,59,1621.9269203557044,1604.1373009816723,1621.9269203557044,1674.1373009816723,0.42542374297299945,0.5745762570270004,1639.7167505243524,1590.3474708130243
3/20/2021,2021,Stanford,0,0,GCU,Stanford,1,0,3,1,98,75,1497.1008629487399,1470.4540449662204,1495.1008629487399,1540.4540449662204,0.43509973762658427,0.5649002623734157,1513.3251359123685,1458.2297720025917
3/20/2021,2021,UCI,0,0,CSUN,UCI,0,1,1,3,81,97,1500,1466.9727868889604,1500,1536.9727868889604,0.4469918271546907,0.5530081728453093,1491.938862814954,1479.0339240740063
3/20/2021,2021,Quincy,0,0,Ball,Quincy,1,0,3,0,75,57,1569.6736660510046,1477.8026912588025,1568.6736660510046,1547.8026912588025,0.5299996703758921,0.4700003296241079,1584.9536739619832,1466.5226833478239
3/20/2021,2021,Charleston,0,0,SFU,Charleston,1,0,3,0,75,59,1455.328310719708,1466.1048219051343,1455.328310719708,1536.1048219051343,0.3858034433035702,0.6141965566964299,1474.0690280804224,1451.36410454442
3/20/2021,2021,PFW,0,0,Ohio,PFW,0,1,1,3,90,98,1529.605397653223,1494.18260935233,1529.605397653223,1564.18260935233,0.4504030282912384,0.5495969717087617,1521.4623916409,1506.325615364653
3/20/2021,2021,Queens,0,0,Barton,Queens,0,1,1,3,82,105,1536.2080206879264,1568.2961983966711,1536.2080206879264,1638.2961983966711,0.3571703798194978,0.6428296201805022,1530.3025982389252,1578.2016208456723
3/20/2021,2021,Emmanuel,0,0,Belmont,Emmanuel,1,0,3,1,97,85,1544.1152371606183,1490.5082591713997,1544.1152371606183,1560.5082591713997,0.4764260359998815,0.5235739640001186,1559.347678963288,1479.27581736873
3/21/2021,2021,LBSU,0,0,UCSB,LBSU,0,1,1,3,87,98,1510.189502672651,1493.0261586212273,1510.189502672651,1563.0261586212273,0.42454274850951473,0.5754572514904852,1502.6671433750894,1504.548517918789
3/21/2021,2021,CSUN,0,0,UCI,CSUN,0,1,1,3,74,97,1479.0339240740063,1491.938862814954,1479.0339240740063,1561.938862814954,0.3829042618438,0.6170957381562,1472.510888456422,1502.4618984325384
3/21/2021,2021,Lindenwood,0,0,Lewis,Lindenwood,1,0,3,0,81,69,1618.8994098243645,1490.3017066738169,1618.8994098243645,1560.3017066738169,0.5835382774062357,0.4164617225937644,1632.894491166615,1480.3066253315665
3/21/2021,2021,Alderson,0,0,Tusculum,Alderson,1,0,3,1,98,72,1424.6299604355986,1476.0023892420265,1423.6299604355986,1546.0023892420265,0.3308302577494155,0.6691697422505846,1443.3567009162794,1461.2756487613458
3/21/2021,2021,GMU,0,0,Sacred,GMU,0,1,0,3,59,75,1422.7640574439722,1546.1152655207695,1421.7640574439722,1616.1152655207695,0.24623848890294503,0.753761511097055,1420.8543337103015,1552.0249892544402
3/21/2021,2021,GMU,0,0,Sacred,GMU,0,1,0,3,66,80,1420.8543337103015,1552.0249892544402,1419.8543337103015,1622.0249892544402,0.23797969557403917,0.7620203044259609,1419.1428210165245,1557.7365019482172
3/22/2021,2021,Daemen,0,0,DYouville,Daemen,0,1,0,3,44,75,1485.8107160908942,1577.391230607984,1485.8107160908942,1647.391230607984,0.2828978927110903,0.7171021072889097,1483.021166665828,1584.18078003305
3/23/2021,2021,Stanford,0,0,UCLA,Stanford,1,0,3,1,110,92,1566.2593797770708,1458.2297720025917,1565.2593797770708,1528.2297720025917,0.5530890241986038,0.4469109758013962,1579.651909862971,1448.8372419166915
3/23/2021,2021,King,0,0,Belmont,King,1,0,3,2,118,115,1559.347678963288,1501.6890918412075,1559.347678963288,1571.6890918412075,0.4822467454055072,0.517753254594493,1573.107090406889,1491.9296803976065
3/23/2021,2021,Greenville,0,0,Life,Greenville,0,1,0,3,57,75,1373,1586.5808727313522,1373,1656.5808727313522,0.16349874236506448,0.8365012576349355,1373.0760301832383,1590.5048425481139
3/23/2021,2021,Lees,0,0,Limestone,Lees,1,0,3,1,91,89,1538.6743885019202,1422.6348178366002,1538.6743885019202,1492.6348178366002,0.5658711623033532,0.43412883769664673,1551.7601472733065,1413.549059065214
3/23/2021,2021,Geneva,0,0,Alderson,Geneva,0,1,0,3,55,78,1461.2756487613458,1419,1461.2756487613458,1489,0.4601859218757546,0.5398140781242454,1454.2311866363277,1430.044462125018
3/24/2021,2021,Stanford,0,0,UCLA,Stanford,1,0,3,0,75,62,1579.651909862971,1448.8372419166915,1578.651909862971,1518.8372419166915,0.5852397395629527,0.41476026043704733,1593.6061561134602,1438.8829956662023
3/24/2021,2021,Daemen,0,0,Fisher,Daemen,0,1,1,3,81,104,1419,1584.18078003305,1419,1654.18078003305,0.20524828000995912,0.794751719990041,1416.7407079464276,1590.4400720866224
3/25/2021,2021,Alderson,0,0,Carlow,Alderson,0,1,0,3,45,75,1373,1454.2311866363277,1373,1524.2311866363277,0.2951384796257566,0.7048615203742433,1369.916676488982,1461.3145101473458
3/26/2021,2021,Hawaii,0,0,UCSD,Hawaii,0,1,1,3,82,98,1468.3185515481978,1617.4930002689634,1458.3185515481978,1687.4930002689634,0.2109457353012634,0.7890542646987365,1465.9225205676341,1623.889031249527
3/26/2021,2021,Concordia,0,0,BYU,Concordia,1,0,3,0,75,62,1629.017753804059,1477.2110409098357,1627.017753804059,1547.2110409098357,0.6128728663017438,0.38712713369825624,1642.3088050128172,1467.9199897010776
3/26/2021,2021,LBSU,0,0,UCI,LBSU,0,1,1,3,75,97,1472.510888456422,1504.548517918789,1472.510888456422,1574.548517918789,0.3572371913088791,0.642762808691121,1466.6038625316755,1514.4555438435355
3/26/2021,2021,USC,0,0,Stanford,USC,0,1,1,3,89,98,1438.8829956662023,1456.1815242431283,1437.8829956662023,1526.1815242431283,0.37559513414711676,0.6244048658528832,1432.5353791133382,1466.5291407959924
3/26/2021,2021,Pepperdine,0,0,GCU,Pepperdine,0,1,0,3,63,75,1513.3251359123685,1555.775393350946,1512.3251359123685,1625.775393350946,0.3422975631522424,0.6577024368477575,1509.1099943967147,1563.9905348665998
3/26/2021,2021,CSUN,0,0,UCSB,CSUN,1,0,3,0,75,49,1502.6671433750894,1502.4618984325384,1502.6671433750894,1572.4618984325384,0.4008869350503085,0.5991130649496915,1521.045856933882,1488.0831848737457
3/26/2021,2021,Ball,0,0,Loyola,Ball,1,0,3,0,75,63,1598.068397749641,1584.9536739619832,1598.068397749641,1654.9536739619832,0.41885926583869515,0.5811407341613049,1616.0157753695123,1571.006296342112
3/26/2021,2021,SFU,0,0,GMU,SFU,1,0,3,2,119,114,1557.7365019482172,1474.0690280804224,1557.7365019482172,1544.0690280804224,0.5196589363673455,0.48034106363265455,1570.5980208087342,1465.2075092199054
3/26/2021,2021,Penn,0,0,Sacred,Penn,0,1,0,3,51,75,1419.1428210165245,1639.7167505243524,1419.1428210165245,1709.7167505243524,0.15806745894789248,0.8419325410521075,1419.3492020017752,1643.5103695391017
3/26/2021,2021,Lewis,0,0,Quincy,Lewis,0,1,0,3,43,75,1466.5226833478239,1632.894491166615,1466.5226833478239,1702.894491166615,0.20413216194441264,0.7958678380555873,1465.623511461158,1637.7936630532809
3/26/2021,2021,Ohio,0,0,Lindenwood,Ohio,0,1,0,3,61,77,1480.3066253315665,1521.4623916409,1479.3066253315665,1591.4623916409,0.34397712764032645,0.6560228723596735,1476.0511742681986,1529.717842704268
3/26/2021,2021,Olive,0,0,Belmont,Olive,0,1,1,3,86,96,1573.107090406889,1590.563826383948,1573.107090406889,1660.563826383948,0.3767322587954264,0.6232677412045736,1566.7321828624656,1600.9387339283714
3/26/2021,2021,King,0,0,Emmanuel,King,0,1,0,3,61,75,1479.27581736873,1491.9296803976065,1479.27581736873,1561.9296803976065,0.3832458293728971,0.616754170627103,1474.0779174637805,1501.127580302556
3/26/2021,2021,Lees,0,0,Erskine,Lees,0,1,1,3,98,99,1483.8465805410592,1413.549059065214,1483.8465805410592,1483.549059065214,0.5004281677172944,0.4995718322827055,1474.502971182511,1426.8926684237622
3/26/2021,2021,LMU,0,0,Limestone,LMU,0,1,2,3,95,111,1551.7601472733065,1551.7736357658137,1551.7601472733065,1621.7736357658137,0.4005845590545668,0.5994154409454332,1543.4794511893301,1564.05433184979
3/27/2021,2021,Hawaii,0,0,UCSD,Hawaii,0,1,0,3,55,75,1465.9225205676341,1623.889031249527,1455.9225205676341,1693.889031249527,0.20264483356265323,0.7973551664373467,1465.0590445621306,1628.7525072550307
3/27/2021,2021,Concordia,0,0,BYU,Concordia,1,0,3,0,75,55,1642.3088050128172,1467.9199897010776,1640.3088050128172,1537.9199897010776,0.6432268692311552,0.35677313076884465,1654.8713601512695,1459.3574345626253
3/27/2021,2021,UCI,0,0,LBSU,UCI,1,0,3,2,114,99,1514.4555438435355,1466.6038625316755,1514.4555438435355,1536.6038625316755,0.46816911372268943,0.5318308862773106,1528.5528184475243,1456.5065879276867
3/27/2021,2021,USC,0,0,Stanford,USC,0,1,0,3,50,75,1432.5353791133382,1466.5291407959924,1431.5353791133382,1536.5291407959924,0.35333936287721623,0.6466606371227838,1428.055234404285,1475.0092855050455
3/27/2021,2021,Pepperdine,0,0,GCU,Pepperdine,0,1,2,3,102,112,1509.1099943967147,1563.9905348665998,1508.1099943967147,1633.9905348665998,0.32637498005357946,0.6736250199464205,1502.610328208762,1574.4902010545525
3/27/2021,2021,UCSB,0,0,CSUN,UCSB,0,1,0,3,55,75,1488.0831848737457,1521.045856933882,1488.0831848737457,1591.045856933882,0.3560154091432974,0.6439845908567026,1483.5388150543065,1529.5902267533213
3/27/2021,2021,Ball,0,0,Loyola,Ball,1,0,3,1,94,88,1616.0157753695123,1571.006296342112,1616.0157753695123,1641.006296342112,0.464097644111292,0.5359023558887079,1631.544098577508,1559.4779731341162
3/27/2021,2021,SFU,0,0,GMU,SFU,1,0,3,0,75,66,1570.5980208087342,1465.2075092199054,1570.5980208087342,1535.2075092199054,0.5507556167820906,0.4492443832179094,1585.379886005964,1454.4256440226757
3/27/2021,2021,Penn,0,0,Sacred,Penn,0,1,0,3,57,75,1419.3492020017752,1643.5103695391017,1419.3492020017752,1713.5103695391017,0.15533870342608672,0.8446612965739133,1419.6210731195492,1647.2384984213277
3/27/2021,2021,Lewis,0,0,Quincy,Lewis,0,1,0,3,56,75,1465.623511461158,1637.7936630532809,1465.623511461158,1707.7936630532809,0.19876302718401728,0.8012369728159827,1464.8531988087416,1642.5639757056972
3/27/2021,2021,Ohio,0,0,Lindenwood,Ohio,0,1,0,3,55,75,1476.0511742681986,1529.717842704268,1475.0511742681986,1599.717842704268,0.3279130961534456,0.6720869038465543,1472.181259960516,1537.5877570119505
3/27/2021,2021,PFW,0,0,McKendree,PFW,0,1,0,3,76,82,1570.444230095493,1506.325615364653,1569.444230095493,1576.325615364653,0.4900981852858042,0.5099018147141958,1562.6818736486337,1518.0879718115123
3/27/2021,2021,Barton,0,0,Belmont,Barton,0,1,1,3,91,100,1566.7321828624656,1530.3025982389252,1566.7321828624656,1600.3025982389252,0.45183807682076077,0.5481619231792392,1558.554735685434,1542.4800454159567
3/27/2021,2021,Lees,0,0,Emmanuel,Lees,1,0,3,2,113,103,1474.0779174637805,1426.8926684237622,1474.0779174637805,1496.8926684237622,0.4672140453377539,0.5327859546622461,1488.1981137090077,1416.772472178535
3/27/2021,2021,King,0,0,Erskine,King,1,0,3,2,102,93,1474.502971182511,1501.127580302556,1474.502971182511,1571.127580302556,0.36442346449773255,0.6355765355022674,1491.0901413678987,1488.5404101171682
3/27/2021,2021,LMU,0,0,Queens,LMU,0,1,0,3,65,76,1578.2016208456723,1564.05433184979,1578.2016208456723,1634.05433184979,0.4203068067900422,0.5796931932099578,1572.1142574827113,1574.141695212751
3/27/2021,2021,Carlow,0,0,DYouville,Carlow,1,0,3,0,75,53,1483.021166665828,1373,1483.021166665828,1443,0.557341694617751,0.442658305382249,1497.6449659950022,1362.376200670826
3/27/2021,2021,Carlow,0,0,DYouville,Carlow,1,0,3,0,75,54,1497.6449659950022,1373,1497.6449659950022,1443,0.5779983305481902,0.42200166945180984,1511.7730060618455,1362.8719599331566
3/28/2021,2021,USC,0,0,Stanford,USC,0,1,0,3,54,75,1428.055234404285,1475.0092855050455,1427.055234404285,1545.0092855050455,0.3364849531207068,0.6635150468792931,1423.9795955293882,1483.0849243799423
3/28/2021,2021,Pepperdine,0,0,GCU,Pepperdine,0,1,0,3,69,80,1502.610328208762,1574.4902010545525,1501.610328208762,1644.4902010545525,0.30523691367035605,0.6947630863296439,1499.2846422806736,1581.8158869826411
3/28/2021,2021,PFW,0,0,McKendree,PFW,1,0,3,0,75,53,1562.6818736486337,1518.0879718115123,1561.6818736486337,1588.0879718115123,0.4620715722579333,0.5379284277420667,1579.5921559144433,1505.1776895457026
3/30/2021,2021,Belmont,0,0,Lees,Belmont,0,1,0,3,64,78,1416.772472178535,1558.554735685434,1416.772472178535,1628.554735685434,0.22809193103872316,0.7719080689612768,1415.2982658336057,1564.0289420303634
3/30/2021,2021,Emmanuel,0,0,Limestone,Emmanuel,0,1,0,3,58,79,1543.4794511893301,1488.1981137090077,1543.4794511893301,1558.1981137090077,0.47883080442709497,0.5211691955729051,1535.9875118830798,1499.690053015258
3/30/2021,2021,SFCB,0,0,Sacred,SFCB,1,0,3,1,96,75,1419.6210731195492,1500,1419.6210731195492,1570,0.29616010848467517,0.7038398915153249,1439.1798971825838,1484.4411759369655
3/30/2021,2021,SFCB,0,0,Sacred,SFCB,0,1,2,3,103,111,1439.1798971825838,1484.4411759369655,1439.1798971825838,1554.4411759369655,0.3399544396996463,0.6600455603003537,1432.3543239631256,1495.2667491564237
3/31/2021,2021,UCSB,0,0,UCI,UCSB,0,1,1,3,82,97,1456.5065879276867,1529.5902267533213,1456.5065879276867,1599.5902267533213,0.3049882216157665,0.6950117783842336,1451.853537275575,1538.243277405433
4/1/2021,2021,BYU,0,0,USC,BYU,0,1,0,3,56,75,1483.0849243799423,1654.8713601512695,1481.0849243799423,1724.8713601512695,0.19728544593793199,0.802714554062068,1482.350073677432,1659.6062108537799
4/1/2021,2021,Loyola,0,0,Lewis,Loyola,1,0,3,0,75,61,1642.5639757056972,1631.544098577508,1642.5639757056972,1701.544098577508,0.4159268376375404,0.5840731623624595,1660.5817316023963,1617.526342680809
4/1/2021,2021,Lees,0,0,King,Lees,1,0,3,0,75,59,1488.5404101171682,1415.2982658336057,1488.5404101171682,1485.2982658336057,0.5046656852576422,0.49533431474235773,1504.4284336709848,1403.4102422797891
4/1/2021,2021,Carlow,0,0,Alderson,Carlow,1,0,3,1,97,78,1461.3145101473458,1373,1461.3145101473458,1443,0.5263323134122204,0.4736676865877796,1475.3492012921192,1362.9653088552266
4/2/2021,2021,Hawaii,0,0,LBSU,Hawaii,0,1,1,3,76,99,1528.5528184475243,1628.7525072550307,1518.5528184475243,1698.7525072550307,0.2616688250082186,0.7383311749917814,1524.9394333139937,1636.3658923885612
4/2/2021,2021,UCI,0,0,UCSB,UCI,1,0,3,0,75,52,1538.243277405433,1451.853537275575,1538.243277405433,1521.853537275575,0.5235692514906117,0.4764307485093883,1553.6776153696583,1440.4191993113498
4/2/2021,2021,BYU,0,0,USC,BYU,0,1,1,3,86,99,1482.350073677432,1659.6062108537799,1480.350073677432,1729.6062108537799,0.19234666037896272,0.8076533396210374,1480.4004204950036,1665.5558640362083
4/2/2021,2021,GCU,0,0,UCLA,GCU,1,0,3,2,114,100,1593.6061561134602,1499.2846422806736,1592.6061561134602,1569.2846422806736,0.5335120393891707,0.46648796061082926,1606.1352005014533,1490.7555978926805
4/2/2021,2021,SFU,0,0,NJIT,SFU,1,0,3,2,100,101,1590.3474708130243,1454.4256440226757,1590.3474708130243,1524.4256440226757,0.5937468443470633,0.40625315565293674,1601.430879882028,1447.342234953672
4/2/2021,2021,Stanford,0,0,Concordia,Stanford,0,1,1,3,86,95,1459.3574345626253,1423.9795955293882,1458.3574345626253,1493.9795955293882,0.44891447056700945,0.5510855294329906,1451.2501539356838,1436.0868761563297
4/2/2021,2021,CSUN,0,0,UCSD,CSUN,1,0,3,0,75,55,1465.0590445621306,1483.5388150543065,1465.0590445621306,1553.5388150543065,0.37535048473744004,0.62464951526256,1484.050632928432,1468.5472266880051
4/2/2021,2021,McKendree,0,0,Ball,McKendree,0,1,1,3,79,93,1559.4779731341162,1579.5921559144433,1558.4779731341162,1649.5921559144433,0.37180166163760353,0.6281983383623965,1553.2213999214805,1589.848729127079
4/2/2021,2021,GMU,0,0,Penn,GMU,1,0,3,0,77,60,1647.2384984213277,1585.379886005964,1647.2384984213277,1655.379886005964,0.4882857454494605,0.5117142545505395,1663.5196405305405,1573.098743896751
4/2/2021,2021,Loyola,0,0,Lewis,Loyola,1,0,3,2,106,105,1660.5817316023963,1617.526342680809,1660.5817316023963,1687.526342680809,0.461301140528523,0.538698859471477,1674.843837563045,1607.2642367201602
4/2/2021,2021,Lindenwood,0,0,PFW,Lindenwood,1,0,3,2,109,97,1505.1776895457026,1472.181259960516,1504.1776895457026,1542.181259960516,0.4455255487228927,0.5544744512771074,1519.8184097096864,1461.5405397965321
4/2/2021,2021,Quincy,0,0,Ohio,Quincy,1,0,3,0,75,57,1537.5877570119505,1464.8531988087416,1536.5877570119505,1534.8531988087416,0.5024962091745082,0.49750379082549184,1553.5278479917624,1452.9131078289297
4/2/2021,2021,Olive,0,0,Erskine,Olive,0,1,1,3,81,96,1491.0901413678987,1600.9387339283714,1490.0901413678987,1670.9387339283714,0.26094779688182246,0.7390522031181775,1487.4940609094017,1608.5348143868684
4/2/2021,2021,SFCB,0,0,SFCB,Daemen,0,1,1,3,75,96,1495.2667491564237,1590.4400720866224,1495.2667491564237,1589.4400720866224,0.36769798958357147,0.6323020104164285,1489.1086640730846,1600.5981571699615
4/3/2021,2021,Hawaii,0,0,LBSU,Hawaii,0,1,2,3,106,118,1524.9394333139937,1636.3658923885612,1514.9394333139937,1706.3658923885612,0.24937670855720415,0.7506232914427958,1520.287725641954,1645.017600060601
4/3/2021,2021,UCI,0,0,UCSB,UCI,1,0,3,0,75,56,1553.6776153696583,1440.4191993113498,1553.6776153696583,1510.4191993113498,0.5619341571972845,0.4380658428027155,1568.1911955969235,1429.9056190840845
4/3/2021,2021,GCU,0,0,UCLA,GCU,1,0,3,1,98,83,1606.1352005014533,1490.7555978926805,1605.1352005014533,1560.7555978926805,0.5635222772447039,0.4364777227552961,1619.277332514247,1481.6134658798867
4/3/2021,2021,SFU,0,0,NJIT,SFU,1,0,3,0,75,53,1601.430879882028,1447.342234953672,1601.430879882028,1517.342234953672,0.6187045094346482,0.38129549056535184,1614.5819716555964,1438.1911431801036
4/3/2021,2021,Stanford,0,0,Concordia,Stanford,0,1,2,3,109,109,1451.2501539356838,1436.0868761563297,1450.2501539356838,1506.0868761563297,0.42032923212444867,0.5796707678755514,1442.4955856980303,1448.8414443939832
4/3/2021,2021,UCSD,0,0,CSUN,UCSD,0,1,2,3,112,114,1468.5472266880051,1484.050632928432,1468.5472266880051,1554.050632928432,0.37937610695804797,0.620623893041952,1460.7755334543454,1495.8223261620917
4/3/2021,2021,McKendree,0,0,Ball,McKendree,1,0,3,2,110,103,1553.2213999214805,1589.848729127079,1552.2213999214805,1659.848729127079,0.34988318748555436,0.6501168125144458,1570.1575367551604,1576.912592293399
4/3/2021,2021,GMU,0,0,Penn,GMU,0,1,2,3,100,100,1663.5196405305405,1573.098743896751,1663.5196405305405,1643.098743896751,0.5293542377554425,0.47064576224455745,1652.148472157743,1588.4699122695486
4/3/2021,2021,Lindenwood,0,0,PFW,Lindenwood,0,1,2,3,107,114,1519.8184097096864,1461.5405397965321,1518.8184097096864,1531.5405397965321,0.4816995615473183,0.5183004384526817,1509.590953565884,1475.7679959403345
4/3/2021,2021,Quincy,0,0,Ohio,Quincy,0,1,2,3,103,100,1553.5278479917624,1452.9131078289297,1552.5278479917624,1522.9131078289297,0.5425161194894287,0.45748388051057126,1541.8407944573494,1468.6001613633427
4/3/2021,2021,Barton,0,0,Erskine,Barton,0,1,2,3,104,99,1487.4940609094017,1542.4800454159567,1486.4940609094017,1612.4800454159567,0.32624154589898907,0.673758454101011,1480.9975971411593,1552.9765091841991
4/3/2021,2021,SFCB,0,0,SFCB,Daemen,0,1,1,3,77,101,1489.1086640730846,1600.5981571699615,1489.1086640730846,1599.5981571699615,0.34614481952081266,0.6538551804791873,1483.4678550712517,1610.2389661717943
4/3/2021,2021,DYouville,0,0,Elmira,DYouville,1,0,3,1,99,77,1419,1511.7730060618455,1419,1581.7730060618455,0.2815073854379138,0.7184926145620862,1438.910489416157,1495.8625166456886
4/3/2021,2021,DYouville,0,0,Elmira,DYouville,1,0,3,1,96,83,1419,1495.8625166456886,1419,1565.8625166456886,0.30039689371739375,0.6996031062826062,1438.4571412174494,1480.4053754282393
4/6/2021,2021,Tusculum,0,0,Queens,Tusculum,1,0,3,1,98,86,1572.1142574827113,1443.3567009162794,1572.1142574827113,1513.3567009162794,0.5837618860793662,0.41623811392063376,1584.7706388834733,1434.7003195155173
4/6/2021,2021,Barton,0,0,Olive,Barton,1,0,3,2,109,107,1608.5348143868684,1552.9765091841991,1608.5348143868684,1622.9765091841991,0.4792286918791936,0.5207713081208064,1622.3666591151011,1543.1446644559664
4/6/2021,2021,Belmont,0,0,Greenville,Belmont,0,1,1,3,91,94,1590.5048425481139,1564.0289420303634,1590.5048425481139,1634.0289420303634,0.43768939587260547,0.5623106041273946,1582.666963713838,1575.8668208646393
4/6/2021,2021,Erskine,0,0,Emmanuel,Erskine,1,0,3,0,75,61,1499.690053015258,1480.9975971411593,1499.690053015258,1550.9975971411593,0.4266946143139662,0.5733053856860337,1517.4493822717227,1467.2382678846946
4/6/2021,2021,King,0,0,Lees,King,0,1,0,3,42,75,1403.4102422797891,1504.4284336709848,1403.4102422797891,1574.4284336709848,0.27200774973822867,0.7279922502617713,1400.8820562860717,1510.9566196647022
4/6/2021,2021,Sacred,0,0,SFCB,Sacred,1,0,3,0,75,57,1483.4678550712517,1432.3543239631256,1483.4678550712517,1502.3543239631256,0.472846926648856,0.527153073351144,1500.1195288316792,1419.7026502026981
4/6/2021,2021,Sacred,0,0,SFCB,Sacred,1,0,3,1,93,90,1500.1195288316792,1419.7026502026981,1500.1195288316792,1489.7026502026981,0.5149866030299238,0.48501339697007617,1514.4265170256278,1409.3956620087495
4/8/2021,2021,King,0,1,Lees,King,0,1,0,3,59,75,1400.8820562860717,1510.9566196647022,1400.8820562860717,1580.9566196647022,0.2618080057054644,0.7381919942945356,1398.5986641491406,1517.2400118016333
4/8/2021,2021,Emmanuel,0,1,Erskine,Emmanuel,0,1,0,3,52,75,1467.2382678846946,1517.4493822717227,1467.2382678846946,1587.4493822717227,0.33359035629864386,0.6664096437013561,1463.232099333527,1525.4555508228902
4/9/2021,2021,CSUN,0,0,Hawaii,CSUN,1,0,3,1,98,81,1645.017600060601,1460.7755334543454,1635.017600060601,1530.7755334543454,0.6456713078257541,0.3543286921742459,1656.1881553394496,1453.6049781754966
4/9/2021,2021,UCSD,0,0,LBSU,UCSD,1,0,3,0,75,62,1520.287725641954,1495.8223261620917,1520.287725641954,1565.8223261620917,0.43484307159276175,0.5651569284072382,1537.8514919237277,1482.258559880318
4/9/2021,2021,UCLA,0,0,BYU,UCLA,1,0,3,0,75,52,1665.5558640362083,1619.277332514247,1663.5558640362083,1689.277332514247,0.46305130930294525,0.5369486906970546,1682.4426326129376,1606.3905639375178
4/9/2021,2021,USC,0,0,GCU,USC,1,0,3,0,75,66,1481.6134658798867,1480.4004204950036,1480.6134658798867,1550.4004204950036,0.40089771973752125,0.5991022802624788,1499.991920606186,1466.0219657687041
4/9/2021,2021,Charleston,0,0,Penn,Charleston,1,0,3,0,75,43,1652.148472157743,1451.36410454442,1651.148472157743,1521.36410454442,0.6785462303280893,0.32145376967191075,1663.863362629869,1443.649214072294
4/9/2021,2021,Sacred,0,0,SFU,Sacred,1,0,3,1,100,86,1438.1911431801036,1409.3956620087495,1437.1911431801036,1479.3956620087495,0.4395598086240416,0.5604401913759585,1454.3083744397934,1397.2784307490597
4/9/2021,2021,Limestone,0,0,Queens,Limestone,0,1,2,3,105,105,1584.7706388834733,1535.9875118830798,1584.7706388834733,1605.9875118830798,0.46950436387461986,0.5304956361253801,1574.8358674838157,1549.9222832827375
4/9/2021,2021,Tusculum,0,0,Alderson,Tusculum,0,1,1,3,84,93,1475.3492012921192,1434.7003195155173,1474.3492012921192,1504.7003195155173,0.45643200082444163,0.5435679991755583,1467.0614999389993,1446.9880208686372
4/10/2021,2021,Ball,0,1,Ohio,Ball,0,1,1,3,99,105,1541.8407944573494,1570.1575367551604,1541.8407944573494,1640.1575367551604,0.3621703262431479,0.6378296737568521,1535.8153732941805,1580.1829579183293
4/10/2021,2021,McKendree,0,1,PFW,McKendree,0,1,2,3,117,116,1509.590953565884,1576.912592293399,1508.590953565884,1646.912592293399,0.31082967388270916,0.6891703261172908,1503.4643747260322,1587.0391711332509
4/10/2021,2021,Lewis,0,1,Quincy,Lewis,0,1,0,3,56,75,1468.6001613633427,1674.843837563045,1468.6001613633427,1744.843837563045,0.16935766956010026,0.8306423304398997,1468.5355772939004,1678.9084216324875
4/10/2021,2021,Loyola,0,1,Lindenwood,Loyola,0,1,1,3,89,99,1475.7679959403345,1607.2642367201602,1474.7679959403345,1677.2642367201602,0.23763998153208518,0.7623600184679148,1472.7313030502312,1614.3009296102634
4/10/2021,2021,CSUN,0,0,Hawaii,CSUN,1,0,3,0,75,61,1656.1881553394496,1453.6049781754966,1646.1881553394496,1523.6049781754966,0.6694382595309563,0.33056174046904374,1668.1216371107066,1445.6714964042396
4/10/2021,2021,UCLA,0,0,BYU,UCLA,0,1,1,3,83,98,1682.4426326129376,1606.3905639375178,1680.4426326129376,1676.3905639375178,0.5058311311974341,0.49416886880256594,1672.969352130866,1619.8638444195894
4/10/2021,2021,LBSU,0,0,UCSD,LBSU,0,1,0,3,57,75,1482.258559880318,1537.8514919237277,1482.258559880318,1607.8514919237277,0.3267390770782101,0.6732609229217899,1478.416822030441,1545.6932297736048
4/10/2021,2021,USC,0,0,GCU,USC,1,0,3,2,112,110,1499.991920606186,1466.0219657687041,1498.991920606186,1536.0219657687041,0.4469103534457947,0.5530896465542053,1514.5994054568203,1455.41448091807
4/10/2021,2021,Charleston,0,0,Penn,Charleston,1,0,3,0,75,36,1663.863362629869,1443.649214072294,1662.863362629869,1513.649214072294,0.7024403307389027,0.2975596692610973,1675.0047946921354,1436.5077820100275
4/10/2021,2021,Sacred,0,0,SFU,Sacred,1,0,3,0,75,56,1454.3083744397934,1397.2784307490597,1453.3083744397934,1467.2784307490597,0.4799063006545649,0.5200936993454351,1470.790623224084,1384.7961819647692
4/13/2021,2021,Tusculum,0,0,Limestone,Tusculum,1,0,3,1,94,84,1549.9222832827375,1446.9880208686372,1549.9222832827375,1516.9880208686372,0.5472547607402519,0.45274523925974813,1563.4548356916382,1437.4554684597365
4/13/2021,2021,Greenville,0,1,Emmanuel,Greenville,0,1,0,3,57,75,1525.4555508228902,1582.666963713838,1525.4555508228902,1652.666963713838,0.324692895699319,0.6753071043006811,1521.6629213261067,1590.4595932106215
4/13/2021,2021,Barton,0,1,King,Barton,1,0,3,0,77,66,1517.2400118016333,1543.1446644559664,1517.2400118016333,1613.1446644559664,0.3653839251801943,0.6346160748198058,1536.4707975973085,1527.9138786602912
4/14/2021,2021,UCSD,0,0,UCSB,UCSD,1,0,3,2,106,100,1568.1911955969235,1478.416822030441,1568.1911955969235,1548.416822030441,0.5284269229033975,0.47157307709660246,1580.8422827805753,1469.7657348467892
4/15/2021,2021,UCSD,0,0,UCSB,UCSD,1,0,3,0,80,74,1580.8422827805753,1469.7657348467892,1580.8422827805753,1539.7657348467892,0.5588400078930666,0.4411599921069334,1595.4301225911418,1459.1778950362227
4/16/2021,2021,Hawaii,0,0,UCI,Hawaii,0,1,2,3,109,112,1429.9056190840845,1668.1216371107066,1419.9056190840845,1738.1216371107066,0.1380241423301817,0.8619758576698183,1427.9263730014934,1674.1008831932977
4/16/2021,2021,CSUN,0,0,LBSU,CSUN,0,1,2,3,115,111,1545.6932297736048,1445.6714964042396,1545.6932297736048,1515.6714964042396,0.5430975366481946,0.4569024633518053,1533.9922222273815,1461.372503950463
4/16/2021,2021,GCU,0,0,Concordia,GCU,0,1,0,3,59,75,1442.4955856980303,1514.5994054568203,1441.4955856980303,1584.5994054568203,0.30496359740417356,0.6950364025958263,1439.17645936033,1521.9185317945205
4/16/2021,2021,Queens,1,1,Alderson,Tusculum,0,1,0,3,44,75,1467.0614999389993,1437.4554684597365,1466.0614999389993,1437.4554684597365,0.5410746153014984,0.45892538469850164,1458.0757091717633,1450.4412592269725
4/16/2021,2021,Queens,1,1,LMU,Tusculum,1,0,3,0,75,63,1574.141695212751,1450.4412592269725,1574.141695212751,1450.4412592269725,0.6708599272494788,0.32914007275052115,1586.0410569587636,1442.54189748096
4/16/2021,2021,Queens,0,1,Limestone,Queens,0,1,0,3,66,78,1563.4548356916382,1574.8358674838157,1563.4548356916382,1644.8358674838157,0.3849791774773871,0.6150208225226129,1558.2153354321808,1584.075367743273
4/17/2021,2021,Lewis,0,1,Ball,Lewis,0,1,0,3,58,75,1580.1829579183293,1678.9084216324875,1580.1829579183293,1748.9084216324875,0.27462906141572324,0.7253709385842768,1577.5918604443518,1685.499519106465
4/17/2021,2021,Loyola,0,1,McKendree,Loyola,0,1,2,3,104,94,1587.0391711332509,1614.3009296102634,1586.0391711332509,1684.3009296102634,0.36224344472068704,0.637756555279313,1579.6786617932876,1625.6614389502267
4/17/2021,2021,SFU,0,1,Charleston,SFU,0,1,1,3,86,99,1436.5077820100275,1470.790623224084,1436.5077820100275,1540.790623224084,0.35427499536897583,0.6457250046310241,1430.6718487878388,1480.6265564462726
4/17/2021,2021,Queens,1,1,Limestone,Tusculum,0,1,0,3,65,75,1558.2153354321808,1442.54189748096,1558.2153354321808,1442.54189748096,0.6605777301196072,0.33942226988039287,1546.3614699093102,1458.3957630038306
4/17/2021,2021,Queens,0,1,LMU,Queens,1,0,3,0,75,65,1586.0410569587636,1584.075367743273,1586.0410569587636,1654.075367743273,0.40332329459160443,0.5966767054083956,1604.361297888565,1569.7551268134716
4/17/2021,2021,Hawaii,0,0,UCI,Hawaii,0,1,0,3,57,75,1427.9263730014934,1674.1008831932977,1417.9263730014934,1744.1008831932977,0.13266347264297604,0.867336527357024,1428.742449658062,1677.284806536729
4/17/2021,2021,King,0,1,Olive,King,1,0,3,1,105,94,1622.3666591151011,1536.4707975973085,1622.3666591151011,1606.4707975973085,0.522860035299914,0.477139964700086,1636.48468493457,1526.3527717778397
4/17/2021,2021,King,1,1,Belmont,Greenville,1,0,3,1,98,84,1575.8668208646393,1590.4595932106215,1575.8668208646393,1590.4595932106215,0.4790116529615873,0.5209883470384127,1591.037207860228,1579.289206215033
4/17/2021,2021,UCSB,0,0,UCSD,UCSB,0,1,0,3,57,75,1459.1778950362227,1595.4301225911418,1459.1778950362227,1665.4301225911418,0.2337451743685769,0.7662548256314231,1457.5680108513768,1601.0400067759876
4/17/2021,2021,LBSU,0,0,CSUN,LBSU,0,1,0,3,64,75,1461.372503950463,1533.9922222273815,1461.372503950463,1603.9922222273815,0.30555459197236795,0.694445408027632,1458.0391937431261,1541.3255324347183
4/17/2021,2021,GCU,0,0,Concordia,GCU,0,1,0,3,57,75,1439.17645936033,1521.9185317945205,1438.17645936033,1591.9185317945205,0.2921405550820012,0.7078594449179988,1436.165086038362,1528.9299051164885
4/18/2021,2021,King,1,1,Belmont,Olive,1,0,3,1,100,94,1591.037207860228,1636.48468493457,1591.037207860228,1636.48468493457,0.43496632715721173,0.5650336728427883,1607.2646826751215,1624.2572101196763
4/22/2021,2021,Penn,0,1,SFU,Penn,0,1,0,3,58,75,1480.6265564462726,1675.0047946921354,1480.6265564462726,1745.0047946921354,0.1791843354567977,0.8208156645432022,1480.3261323953095,1679.3052187430985
4/22/2021,2021,Penn,1,1,GMU,NJIT,1,0,3,0,82,68,1588.4699122695486,1614.5819716555964,1588.4699122695486,1614.5819716555964,0.46249232003440716,0.5375076799655928,1605.3700965887228,1601.681787336422
4/22/2021,2021,Hawaii,1,1,LBSU,UCI,1,0,3,0,75,62,1541.3255324347183,1428.742449658062,1531.3255324347183,1418.742449658062,0.6565777369481636,0.34342226305183643,1553.5676667479624,1420.5003153448179
4/22/2021,2021,Hawaii,1,1,CSUN,UCSD,0,1,1,3,87,95,1458.0391937431261,1457.5680108513768,1448.0391937431261,1447.5680108513768,0.5006780862734215,0.4993219137265786,1448.6895863392308,1470.9176182552721
4/22/2021,2021,BYU,1,1,Concordia,UCLA,0,1,1,3,92,97,1436.165086038362,1619.8638444195894,1434.165086038362,1617.8638444195894,0.25779609698667905,0.742203903013321,1432.6446463773484,1627.384284080603
4/22/2021,2021,BYU,1,1,GCU,USC,1,0,3,1,103,90,1528.9299051164885,1455.41448091807,1527.9299051164885,1453.41448091807,0.6056217787255234,0.3943782212744766,1541.0616490937427,1447.2827369408158
4/22/2021,2021,BYU,1,1,Pepperdine,Stanford,1,0,3,1,96,88,1581.8158869826411,1448.8414443939832,1579.8158869826411,1446.8414443939832,0.6825385083525086,0.31746149164749143,1592.1016294488477,1442.5557019277767
4/23/2021,2021,Hawaii,1,1,LBSU,UCSB,0,1,1,3,75,91,1553.5676667479624,1601.0400067759876,1543.5676667479624,1592.0400067759876,0.43069179202486635,0.5693082079751336,1545.8977304060325,1612.7099431179176
4/23/2021,2021,Hawaii,0,1,UCSD,Hawaii,1,0,3,2,106,112,1470.9176182552721,1677.284806536729,1460.9176182552721,1747.284806536729,0.16131691664786127,0.8386830833521387,1492.3793455890568,1659.8230792029444
4/23/2021,2021,BYU,0,1,GCU,BYU,0,1,0,3,60,79,1541.0616490937427,1672.969352130866,1540.0616490937427,1742.969352130866,0.23721114149357825,0.7627888585064218,1539.3685816978968,1678.6624195267118
4/23/2021,2021,BYU,1,1,Pepperdine,UCLA,1,0,3,0,76,67,1592.1016294488477,1627.384284080603,1590.1016294488477,1625.384284080603,0.44939800723736606,0.5506019927626339,1609.316077275151,1614.1698362542998
4/24/2021,2021,Penn,0,1,GMU,Penn,0,1,1,3,92,105,1605.3700965887228,1679.3052187430985,1605.3700965887228,1749.3052187430985,0.3039502361191396,0.6960497638808604,1600.7419575885303,1687.933357743291
4/24/2021,2021,Lewis,0,1,Loyola,Lewis,0,1,0,3,55,75,1625.6614389502267,1685.499519106465,1625.6614389502267,1755.499519106465,0.3213863315607258,0.6786136684392742,1621.9481669927693,1693.2127910639224
4/24/2021,2021,Hawaii,1,1,UCSB,UCSD,1,0,3,1,99,91,1612.7099431179176,1492.3793455890568,1603.7099431179176,1482.3793455890568,0.6678407142100962,0.33215928578990384,1623.348432643542,1485.7408560634324
4/24/2021,2021,BYU,0,1,Pepperdine,BYU,0,1,0,3,57,75,1609.316077275151,1678.6624195267118,1607.316077275151,1748.6624195267118,0.30711219503011455,0.6928878049698854,1605.9453845944283,1686.0331122074344
5/3/2021,2021,Ohio,1,1,Belmont,Penn,0,1,0,3,54,75,1607.2646826751215,1687.933357743291,1606.2646826751215,1686.933357743291,0.3859505472045959,0.6140494527954041,1602.0018695422114,1697.1961708762012
5/4/2021,2021,Ohio,1,1,Pepperdine,UCSB,0,1,1,3,96,100,1605.9453845944283,1623.348432643542,1597.9453845944283,1615.348432643542,0.47497592565263025,0.5250240743473698,1597.2126290454319,1636.0811881925385
5/4/2021,2021,Ohio,1,1,Lewis,Penn,1,0,3,0,77,68,1693.2127910639224,1697.1961708762012,1692.2127910639224,1696.1961708762012,0.494267706804774,0.505732293195226,1709.3503661006077,1685.0585958395159
5/6/2021,2021,Ohio,1,1,Hawaii,UCSB,1,0,3,0,75,62,1659.8230792029444,1636.0811881925385,1641.8230792029444,1628.0811881925385,0.5197658647847914,0.48023413521520864,1675.3486984481094,1624.5555689473736
5/6/2021,2021,Ohio,1,1,BYU,Lewis,1,0,3,1,101,85,1686.0331122074344,1709.3503661006077,1680.0331122074344,1708.3503661006077,0.4593381925736021,0.540661807426398,1701.6756622523346,1697.7078160557076
5/8/2021,2021,Ohio,1,1,BYU,Hawaii,0,1,0,3,56,75,1701.6756622523346,1675.3486984481094,1695.6756622523346,1657.3486984481094,0.5549342807713089,0.445065719228691,1692.3572395138233,1688.6671211866208
1/5/2022,2022,Hawaii,0,0,Loyola,Hawaii,0,1,0,3,55,75,1580.6666666666667,1625.3333333333333,1563.6666666666667,1695.3333333333333,0.31909492869409195,0.680905071305908,1577.0083883780085,1632.9916116219915
1/5/2022,2022,Stanford,0,0,Lindenwood,Stanford,0,1,0,3,48,75,1481.3333333333333,1461.3333333333333,1475.3333333333333,1531.3333333333333,0.42010023964211857,0.5798997603578815,1475.2509275819225,1471.415739084744
1/6/2022,2022,Penn,0,0,BYU,Penn,0,1,0,3,51,75,1628.0,1623.3333333333333,1621.0,1693.3333333333333,0.39738231717339223,0.6026176828266077,1622.4628243878385,1632.8705089454947
1/6/2022,2022,UCSB,0,0,USC,UCSB,1,0,3,2,101,103,1464.6666666666667,1582.6666666666667,1464.6666666666667,1652.6666666666667,0.2530870785710568,0.7469129214289432,1483.9259101142945,1567.407423219039
1/6/2022,2022,Central,0,0,Indiana Tech,Central,1,0,3,2,109,95,1373,1446.0,1373,1516.0,0.30509028727049736,0.6949097127295025,1391.0111664388414,1431.9888335611586
1/6/2022,2022,Stanford,0,0,Lindenwood,Stanford,0,1,0,3,64,78,1475.2509275819225,1471.415739084744,1469.2509275819225,1541.415739084744,0.3976146472714123,0.6023853527285877,1469.7081760474086,1480.9584906192579
1/7/2022,2022,GCU,0,0,McKendree,GCU,,,,,,,1552.6666666666667,1526.0,1547.6666666666667,1596.0,0.4308880058109603,0.5691119941890397,1552.6666666666667,1526.0
1/7/2022,2022,Hawaii,0,0,Loyola,Hawaii,,,,,,,1577.0083883780085,1632.9916116219915,1560.0083883780085,1702.9916116219915,0.3051107624927378,0.6948892375072622,1577.0083883780085,1632.9916116219915
1/7/2022,2022,UCSB,0,0,USC,UCSB,,,,,,,1483.9259101142945,1567.407423219039,1483.9259101142945,1637.407423219039,0.2924508227671689,0.7075491772328311,1483.9259101142945,1567.407423219039
1/7/2022,2022,Stanford,1,0,Lindenwood,UCI,,,,,,,1469.7081760474086,1446.6666666666667,1463.7081760474086,1445.6666666666667,0.525940507271044,0.47405949272895603,1469.7081760474086,1446.6666666666667
1/7/2022,2022,Ohio,0,0,Central,Ohio,,,,,,,1431.9888335611586,1523.3333333333333,1431.9888335611586,1593.3333333333333,0.2831735906980245,0.7168264093019755,1431.9888335611586,1523.3333333333333
1/7/2022,2022,King,0,0,PFW,King,,,,,,,1502.0,1517.3333333333333,1501.0,1587.3333333333333,0.37825190825354327,0.6217480917464566,1502.0,1517.3333333333333
1/7/2022,2022,SFU,0,0,Juniata,SFU,,,,,,,1419,1486.6666666666667,1419,1556.6666666666667,0.3116379074124564,0.6883620925875437,1419,1486.6666666666667
